dir,entry_time,entry,sl,risk,exit_time,exit,r,outcome,full_sl
Long,2025-04-01 04:00:00,3129.59,3125.7240663537086,3.8659336462916123,2025-04-01 04:45:00,3137.321867292583,1.9508527519135164,TP4,False
Long,2025-04-01 05:25:00,3142.44,3137.2378417256828,5.2021582743172265,2025-04-01 08:50:00,3137.2378417256828,-1.034601023365383,SL,True
Short,2025-04-01 08:50:00,3134.4,3139.7614673738717,5.3614673738715295,2025-04-01 18:40:00,3123.677065252257,1.9757529066327326,TP4,False
Short,2025-04-01 18:40:00,3121.18,3128.0363199128838,6.85631991288383,2025-04-01 19:10:00,3107.467360174232,1.9868734246442175,TP4,False
Long,2025-04-02 04:05:00,3128.45,3123.861047358443,4.588952641556692,2025-04-02 05:55:00,3128.59,-0.015254025366434547,REV,False
Short,2025-04-02 05:55:00,3128.59,3133.119321270237,4.529321270236832,2025-04-02 07:35:00,3119.5313574595266,1.953635437304908,TP4,False
Short,2025-04-02 09:50:00,3117.44,3122.2169614100585,4.776961410058375,2025-04-02 10:45:00,3122.2169614100585,-1.0439609998853867,SL,True
Long,2025-04-02 10:45:00,3122.39,3117.410207774221,4.979792225778772,2025-04-02 11:30:00,3132.3495844515573,1.9799188408941237,TP4,False
Short,2025-04-03 13:15:00,3113.33,3122.103407904217,8.77340790421692,2025-04-03 13:55:00,3095.7831841915663,1.978343649118503,TP4,False
Long,2025-04-03 17:00:00,3099.16,3083.4453505414126,15.714649458587434,2025-04-03 17:45:00,3130.589298917175,1.9917274642146803,TP4,False
Short,2025-04-04 05:45:00,3094.98,3102.892616849654,7.912616849653897,2025-04-04 07:35:00,3102.892616849654,-1.0240122836237833,SL,True
Long,2025-04-04 07:40:00,3104.29,3097.7483184857506,6.541681514249301,2025-04-04 10:00:00,3097.7483184857506,-1.018343907409538,SL,True
Short,2025-04-04 11:00:00,3091.05,3098.1225086193226,7.072508619322454,2025-04-04 13:05:00,3098.1225086193226,-1.0197949564341984,SL,True
Long,2025-04-04 14:05:00,3128.17,3115.7135554838046,12.45644451619548,2025-04-04 14:35:00,3115.7135554838046,-1.0080279729797668,SL,True
Short,2025-04-04 17:00:00,3056.16,3073.7515734669755,17.59157346697547,2025-04-04 18:35:00,3020.976853066049,1.9891993743278988,TP4,False
Short,2025-04-04 18:40:00,3017.99,3037.881235148782,19.891235148781856,2025-04-04 22:45:00,3037.881235148782,-1.0045246059044086,SL,True
Short,2025-04-07 02:20:00,2991.26,3009.3797539527254,18.11975395272512,2025-04-07 03:00:00,3009.3797539527254,-1.0259385420589222,SL,True
Long,2025-04-07 04:10:00,3006.14,2981.8667341914984,24.27326580850139,2025-04-07 04:45:00,3054.686531617003,1.9917604824345576,TP4,False
Short,2025-04-07 17:35:00,2998.08,3015.8081487895765,17.72814878957673,2025-04-07 20:05:00,2962.6237024208463,1.9881544315488113,TP4,False
Long,2025-04-08 04:00:00,2990.53,2983.8496457516485,6.680354248351649,2025-04-08 05:05:00,3003.8907084967036,1.9685645413113075,TP4,False
Short,2025-04-08 06:10:00,2995.24,3001.888988428115,6.648988428115388,2025-04-08 07:55:00,3001.888988428115,-1.0315837517647146,SL,True
Short,2025-04-08 10:40:00,3003.14,3010.402314659781,7.2623146597809685,2025-04-08 14:00:00,3010.402314659781,-1.0165236574868843,SL,True
Long,2025-04-09 09:15:00,3025.63,3016.374990667002,9.255009332998423,2025-04-09 10:05:00,3044.140018665997,1.9805510730974558,TP4,False
Long,2025-04-09 14:35:00,3063.76,3053.1590146568665,10.600985343133825,2025-04-09 15:20:00,3053.1590146568665,-1.0235827134844442,SL,True
Long,2025-04-09 16:35:00,3075.95,3063.2232537902128,12.726746209787247,2025-04-09 20:20:00,3072.51,-0.28994056604679364,REV,False
Short,2025-04-09 20:20:00,3072.51,3085.0774307790794,12.5674307790791,2025-04-09 22:05:00,3085.0774307790794,-1.019892689635196,SL,True
Long,2025-04-10 05:05:00,3111.8,3100.0449846204824,11.755015379517829,2025-04-10 16:20:00,3135.3100307590357,1.9923436935559495,TP4,False
Long,2025-04-10 16:20:00,3134.85,3125.007363498049,9.84263650195101,2025-04-10 16:30:00,3125.007363498049,-1.024383710599524,SL,True
Long,2025-04-10 18:35:00,3174.52,3162.4207511237855,12.09924887621465,2025-04-10 18:55:00,3162.4207511237855,-1.0173564493257627,SL,True
Long,2025-04-11 03:20:00,3198.87,3191.6681222064503,7.201877793549555,2025-04-11 03:40:00,3213.273755587099,1.970840938152535,TP4,False
Long,2025-04-11 16:30:00,3240.19,3229.0467024019945,11.143297598005761,2025-04-11 16:45:00,3229.0467024019945,-1.0161532076494149,SL,True
Long,2025-04-11 17:40:00,3230.52,3217.1551347066206,13.36486529337926,2025-04-14 01:00:00,3217.1551347066206,-1.0157128407500018,SL,True
Long,2025-04-14 02:55:00,3223.73,3216.717486520076,7.012513479924076,2025-04-14 04:00:00,3216.717486520076,-1.0299464664989575,SL,True
Short,2025-04-14 13:20:00,3207.37,3214.965198413303,7.595198413302911,2025-04-14 13:50:00,3214.965198413303,-1.0289656685748703,SL,True
Short,2025-04-14 16:10:00,3196.47,3206.5637125048006,10.0937125048009,2025-04-14 16:40:00,3206.5637125048006,-1.0198143150901888,SL,True
Long,2025-04-14 17:45:00,3213.99,3203.902196456208,10.087803543791612,2025-04-14 18:35:00,3203.902196456208,-1.0178433292459332,SL,True
Long,2025-04-15 06:00:00,3225.86,3220.774072703522,5.0859272964779265,2025-04-15 10:20:00,3220.774072703522,-1.0176958880364797,SL,True
Long,2025-04-16 01:50:00,3240.73,3236.5375411835475,4.192458816452253,2025-04-16 02:55:00,3249.1149176329045,1.9475248274027923,TP4,False
Long,2025-04-16 02:55:00,3251.82,3245.8509023367933,5.969097663207017,2025-04-16 03:30:00,3263.7581953264144,1.9631435080454611,TP4,False
Long,2025-04-16 10:10:00,3297.09,3289.7279336755846,7.3620663244153155,2025-04-16 11:15:00,3311.8141326488308,1.975550342516874,TP4,False
Long,2025-04-16 11:45:00,3302.24,3290.0016466879893,12.238353312010613,2025-04-16 18:50:00,3326.716706624021,1.9820237253827069,TP4,False
Short,2025-04-17 03:00:00,3346.09,3351.4577577940377,5.367757794037332,2025-04-17 04:10:00,3351.4577577940377,-1.0279446289783807,SL,True
Long,2025-04-17 04:15:00,3356.26,3348.7472746152707,7.51272538472963,2025-04-17 04:25:00,3348.7472746152707,-1.0292836472429878,SL,True
Short,2025-04-17 10:05:00,3324.23,3331.373512387589,7.143512387589121,2025-04-17 13:25:00,3331.373512387589,-1.0195982021733605,SL,True
Short,2025-04-17 17:30:00,3293.03,3305.7394236109826,12.709423610982196,2025-04-17 19:20:00,3305.7394236109826,-1.01101544840155,SL,True
Long,2025-04-21 03:30:00,3358.72,3351.2594119285177,7.460588071481985,2025-04-21 04:00:00,3373.6411761429636,1.9705117079387937,TP4,False
Long,2025-04-21 14:40:00,3403.44,3397.0282152964855,6.411784703514706,2025-04-21 16:00:00,3416.2635694070295,1.9828440902047706,TP4,False
Long,2025-04-21 17:55:00,3416.72,3405.347323224506,11.372676775493897,2025-04-22 02:15:00,3439.4653535509874,1.9912069953297473,TP4,False
Long,2025-04-22 02:15:00,3440.82,3434.63705254502,6.182947454980014,2025-04-22 02:50:00,3434.63705254502,-1.0355817353457784,SL,True
Short,2025-04-22 03:00:00,3418.9,3428.9008141278537,10.00081412785342,2025-04-22 03:20:00,3428.9008141278537,-1.0219982090645428,SL,True
Long,2025-04-22 04:30:00,3444.7,3433.934376746137,10.765623253863092,2025-04-22 05:40:00,3466.231246507726,1.979564583042519,TP4,False
Long,2025-04-22 05:40:00,3468.19,3456.862521668683,11.327478331317057,2025-04-22 06:30:00,3490.844956662634,1.9788125836147896,TP4,False
Long,2025-04-22 09:40:00,3485.68,3473.923212348536,11.756787651463974,2025-04-22 10:05:00,3473.923212348536,-1.0136091596398051,SL,True
Short,2025-04-22 11:35:00,3456.81,3467.679600288264,10.869600288264046,2025-04-22 13:05:00,3467.679600288264,-1.020239934695425,SL,True
Short,2025-04-22 16:40:00,3411.76,3429.187560150303,17.427560150302796,2025-04-22 16:50:00,3429.187560150303,-1.0103284681531741,SL,True
Short,2025-04-22 18:25:00,3412.65,3427.6350653202985,14.985065320298371,2025-04-22 18:40:00,3427.6350653202985,-1.014681284018298,SL,True
Short,2025-04-22 19:15:00,3400.62,3417.8249710614946,17.20497106149474,2025-04-23 01:00:00,3366.2100578770105,1.9872129979635673,TP4,False
Short,2025-04-23 01:00:00,3325.11,3342.4636195242933,17.353619524293244,2025-04-23 01:10:00,3342.4636195242933,-1.002304994640684,SL,True
Short,2025-04-23 09:00:00,3310.36,3323.4477596797433,13.087759679743215,2025-04-23 09:15:00,3323.4477596797433,-1.0137533087712896,SL,True
Short,2025-04-23 09:50:00,3299.22,3313.7180525714216,14.498052571421972,2025-04-23 10:40:00,3313.7180525714216,-1.0124154605670717,SL,True
Short,2025-04-23 16:15:00,3300.53,3312.1561294811318,11.626129481131368,2025-04-23 16:50:00,3277.2777410377375,1.9802169758754746,TP4,False
Short,2025-04-23 17:00:00,3265.54,3283.4707197842667,17.930719784266966,2025-04-23 17:20:00,3283.4707197842667,-1.0061347230520181,SL,True
Short,2025-04-23 17:50:00,3291.74,3310.0794303677653,18.339430367765512,2025-04-24 01:05:00,3310.0794303677653,-1.0119960105405845,SL,True
Long,2025-04-24 04:15:00,3354.36,3343.232264227394,11.127735772606199,2025-04-24 05:35:00,3343.232264227394,-1.01977041911272,SL,True
Short,2025-04-24 05:40:00,3341.63,3354.347373827311,12.717373827310958,2025-04-24 09:15:00,3316.1952523453783,1.9827008309272414,TP4,False
Long,2025-04-25 01:10:00,3353.72,3344.4814383981084,9.23856160189126,2025-04-25 04:50:00,3344.4814383981084,-1.0097417762502932,SL,True
Short,2025-04-25 16:15:00,3277.02,3288.925854184053,11.905854184052997,2025-04-25 20:15:00,3288.925854184053,-1.016798458716894,SL,True
Long,2025-04-28 01:00:00,3326.27,3318.1518623816187,8.118137618381352,2025-04-28 01:20:00,3318.1518623816187,-1.0172453346544599,SL,True
Long,2025-04-28 03:45:00,3312.54,3303.4400236750157,9.099976324984066,2025-04-28 04:15:00,3303.4400236750157,-1.024175887073044,SL,True
Long,2025-04-28 06:20:00,3292.84,3282.367005141494,10.472994858506313,2025-04-28 09:55:00,3282.367005141494,-1.0210064077154926,SL,True
Short,2025-04-28 10:00:00,3280.24,3288.380812066178,8.140812066178183,2025-04-28 10:35:00,3288.380812066178,-1.0122837868245835,SL,True
Short,2025-04-28 10:55:00,3287.47,3296.357707925281,8.887707925281187,2025-04-28 14:45:00,3296.357707925281,-1.0247532886824668,SL,True
Long,2025-04-28 16:05:00,3295.19,3288.1782737387716,7.0117262612283255,2025-04-28 16:45:00,3288.1782737387716,-1.0313760109570458,SL,True
Long,2025-04-28 17:15:00,3307.3,3298.6703257639892,8.629674236010946,2025-04-28 17:35:00,3324.559348472022,1.9745065695432669,TP4,False
Short,2025-04-29 03:50:00,3329.21,3335.4353335191736,6.225333519173695,2025-04-29 04:35:00,3335.4353335191736,-1.0353394720655948,SL,True
Short,2025-04-29 04:40:00,3330.11,3338.4738137387194,8.363813738719282,2025-04-29 06:10:00,3313.3823725225616,1.9736962100218047,TP4,False
Short,2025-04-29 13:15:00,3307.34,3313.727396979797,6.387396979796828,2025-04-29 13:45:00,3313.727396979797,-1.0203525787439331,SL,True
Short,2025-04-29 15:00:00,3306.8,3312.859420414432,6.059420414431991,2025-04-29 15:50:00,3312.859420414432,-1.0148529056979478,SL,True
Long,2025-04-30 14:25:00,3280.45,3273.176313194556,7.273686805444049,2025-04-30 14:55:00,3273.176313194556,-1.0302460094700872,SL,True
Long,2025-04-30 15:20:00,3290.01,3280.004775606378,10.005224393622075,2025-04-30 16:35:00,3310.0204487872443,1.9780114876643513,TP4,False
Short,2025-05-01 01:10:00,3276.52,3283.90150735797,7.38150735796982,2025-05-01 02:10:00,3283.90150735797,-1.0298042106213632,SL,True
Short,2025-05-01 14:45:00,3207.94,3215.1406169562247,7.200616956224539,2025-05-01 15:20:00,3215.1406169562247,-1.0124989289872284,SL,True
Short,2025-05-01 18:40:00,3206.96,3217.445973604049,10.485973604048832,2025-05-01 18:55:00,3217.445973604049,-1.020980407571801,SL,True
Short,2025-05-02 03:45:00,3232.7,3239.2437937006434,6.543793700643447,2025-05-02 05:00:00,3239.2437937006434,-1.030563310695523,SL,True
Long,2025-05-05 03:45:00,3247.32,3241.4781718038003,5.841828196199804,2025-05-05 04:10:00,3259.0036563924,1.9623405563102836,TP4,False
Short,2025-05-05 06:10:00,3260.07,3267.730042703271,7.660042703270986,2025-05-05 11:20:00,3267.730042703271,-1.0287204665198428,SL,True
Long,2025-05-05 12:20:00,3297.83,3289.9375968009163,7.892403199083846,2025-05-05 13:00:00,3313.6148063981677,1.988596629223107,TP4,False
Long,2025-05-06 11:15:00,3381.6,3372.6259940787836,8.974005921216339,2025-05-06 12:15:00,3372.6259940787836,-1.0245152501493053,SL,True
Long,2025-05-06 16:40:00,3392.27,3383.3481275832787,8.921872416721085,2025-05-06 17:25:00,3384.2,-0.9291771517000529,REV,False
Short,2025-05-06 17:25:00,3384.2,3393.410119227002,9.210119227002018,2025-05-06 18:10:00,3393.410119227002,-1.0238867700382193,SL,True
Short,2025-05-07 01:05:00,3404.66,3416.071607514572,11.41160751457212,2025-05-07 01:55:00,3381.8367849708557,1.9921132934264414,TP4,False
Short,2025-05-07 03:00:00,3397.62,3411.432556676911,13.81255667691152,2025-05-07 03:40:00,3369.994886646177,1.9862444003348356,TP4,False
Short,2025-05-07 12:55:00,3369.95,3377.5305735503794,7.580573550379737,2025-05-07 13:05:00,3377.5305735503794,-1.0224257437606799,SL,True
Long,2025-05-08 04:00:00,3393.63,3385.084499831243,8.54550016875709,2025-05-08 04:25:00,3385.084499831243,-1.0257445434035752,SL,True
Long,2025-05-08 04:50:00,3402.67,3392.8642675158007,9.805732484199401,2025-05-08 07:10:00,3392.8642675158007,-1.0163169860342143,SL,True
Short,2025-05-08 08:50:00,3360.36,3370.228417754891,9.86841775489069,2025-05-08 09:15:00,3340.6231644902186,1.977706659216888,TP4,False
Short,2025-05-08 19:00:00,3326.74,3339.0782790961625,12.33827909616295,2025-05-08 20:05:00,3302.063441807674,1.9902741704037752,TP4,False
Long,2025-05-09 16:20:00,3336.2,3329.5194360530522,6.680563946947455,2025-05-09 17:00:00,3329.5194360530522,-1.0329313515666076,SL,True
Short,2025-05-12 01:00:00,3290.28,3302.0028259862547,11.722825986254527,2025-05-12 01:45:00,3266.834348027491,1.9854983772514112,TP4,False
Long,2025-05-12 02:55:00,3287.58,3275.797143101511,11.782856898488857,2025-05-12 03:40:00,3275.797143101511,-1.0178225027944448,SL,True
Short,2025-05-12 10:20:00,3236.51,3248.993691310036,12.483691310035875,2025-05-12 13:20:00,3211.5426173799283,1.9831780524858864,TP4,False
Long,2025-05-13 03:05:00,3242.41,3237.4245050473805,4.9854949526195,2025-05-13 03:25:00,3237.4245050473805,-1.0441280157919377,SL,True
Long,2025-05-13 04:00:00,3242.83,3237.1525934395977,5.677406560402179,2025-05-13 04:10:00,3237.1525934395977,-1.0299432492972656,SL,True
Long,2025-05-13 09:45:00,3263.62,3256.0255905391737,7.594409460826437,2025-05-13 10:30:00,3256.0255905391737,-1.0131675807731477,SL,True
Short,2025-05-13 15:45:00,3244.97,3253.403432633536,8.433432633535885,2025-05-13 16:55:00,3228.103134732928,1.982213648164619,TP4,False
Short,2025-05-14 03:00:00,3248.87,3252.950612878439,4.080612878439183,2025-05-14 03:50:00,3240.7087742431213,1.9534383668189452,TP4,False
Short,2025-05-14 05:00:00,3235.97,3243.702579402147,7.732579402147354,2025-05-14 11:05:00,3243.702579402147,-1.0245713610062703,SL,True
Short,2025-05-14 15:10:00,3213.48,3220.788454863018,7.3084548630182296,2025-05-14 15:45:00,3198.8630902739637,1.9794758259014231,TP4,False
Short,2025-05-15 05:20:00,3165.22,3174.0327334064605,8.812733406460687,2025-05-15 07:10:00,3147.5945331870785,1.9784402873391411,TP4,False
Long,2025-05-15 15:50:00,3188.46,3180.2372716335144,8.222728366485558,2025-05-15 17:10:00,3204.9054567329713,1.987838586471195,TP4,False
Long,2025-05-15 17:10:00,3203.29,3193.083674546964,10.206325453035966,2025-05-15 20:00:00,3223.702650906072,1.9813840935335465,TP4,False
Short,2025-05-16 02:35:00,3240.17,3247.4406020204224,7.270602020422329,2025-05-16 04:15:00,3225.6287959591555,1.9738673634636632,TP4,False
Short,2025-05-16 04:45:00,3215.52,3224.9411421513882,9.42114215138836,2025-05-16 05:00:00,3224.9411421513882,-1.0137987515644005,SL,True
Short,2025-05-16 05:50:00,3215.78,3224.4756931959814,8.695693195981068,2025-05-16 09:05:00,3224.4756931959814,-1.0218498969223024,SL,True
Short,2025-05-16 10:45:00,3213.05,3220.861348351462,7.811348351461643,2025-05-16 11:10:00,3197.427303297077,1.9820773580051976,TP4,False
Short,2025-05-16 13:40:00,3196.05,3203.602322180748,7.552322180747794,2025-05-16 13:50:00,3180.9453556385047,1.9748421749691203,TP4,False
Long,2025-05-16 23:45:00,3202.33,3196.735820812899,5.594179187101002,2025-05-19 01:00:00,3213.518358374202,1.9785491318767958,TP4,False
Short,2025-05-19 04:30:00,3222.74,3233.932664966864,11.192664966864541,2025-05-19 10:50:00,3233.932664966864,-1.0169754031378906,SL,True
Short,2025-05-20 03:30:00,3215.65,3220.4440005917672,4.794000591767031,2025-05-20 03:40:00,3220.4440005917672,-1.043804750537736,SL,True
Short,2025-05-20 05:15:00,3211.65,3219.2739727032395,7.623972703239459,2025-05-20 08:05:00,3219.2739727032395,-1.0275446946328481,SL,True
Long,2025-05-20 11:55:00,3235.83,3229.465875855036,6.364124144964271,2025-05-20 15:35:00,3248.5582482899285,1.9701451455578114,TP4,False
Long,2025-05-20 16:55:00,3261.18,3251.55315896968,9.626841030319765,2025-05-20 17:10:00,3280.4336820606395,1.9792247530243874,TP4,False
Long,2025-05-21 10:20:00,3312.78,3305.528372219255,7.251627780745482,2025-05-21 11:10:00,3305.528372219255,-1.0289590153203225,SL,True
Long,2025-05-22 04:40:00,3342.6,3335.4391922865234,7.160807713476723,2025-05-22 06:55:00,3335.4391922865234,-1.0293263006636206,SL,True
Short,2025-05-22 11:15:00,3323.83,3329.946580691162,6.116580691162313,2025-05-22 11:35:00,3311.596838617675,1.9656670923506006,TP4,False
Short,2025-05-22 13:25:00,3299.38,3306.05573139198,6.675731391979929,2025-05-22 14:00:00,3286.02853721604,1.9685427726687463,TP4,False
Long,2025-05-22 14:50:00,3307.21,3298.5041837169697,8.705816283030533,2025-05-22 16:50:00,3298.5041837169697,-1.0149325457571634,SL,True
Short,2025-05-22 17:55:00,3296.96,3307.5828561724907,10.622856172490698,2025-05-23 03:15:00,3302.81,-0.5667025800075786,REV,False
Long,2025-05-23 03:15:00,3302.81,3298.008631077679,4.8013689223209655,2025-05-23 03:45:00,3298.008631077679,-1.043737526400759,SL,True
Long,2025-05-23 12:25:00,3332.34,3326.6957060694517,5.644293930548285,2025-05-23 13:00:00,3326.6957060694517,-1.0372057165314466,SL,True
Short,2025-05-23 16:30:00,3342.23,3355.171067530093,12.94106753009292,2025-05-23 17:50:00,3355.171067530093,-1.0146819417762933,SL,True
Short,2025-05-26 01:15:00,3345.86,3351.895134256806,6.035134256806198,2025-05-26 03:15:00,3333.7897314863876,1.9635467927243258,TP4,False
Long,2025-05-27 01:25:00,3346.83,3343.740060338996,3.089939661003672,2025-05-27 03:00:00,3345.38,-0.5372273190152257,REV,False
Short,2025-05-27 03:00:00,3345.38,3348.2011116356452,2.821111635645128,2025-05-27 03:10:00,3348.2011116356452,-1.074438741574999,SL,True
Short,2025-05-27 09:35:00,3317.13,3324.2189658838975,7.088965883897246,2025-05-27 10:50:00,3302.9520682322054,1.9703764973002869,TP4,False
Short,2025-05-27 10:50:00,3293.91,3303.669026512312,9.759026512311967,2025-05-27 11:00:00,3303.669026512312,-1.0174197702799286,SL,True
Short,2025-05-28 04:05:00,3303.38,3307.8251720946987,4.445172094698501,2025-05-28 04:15:00,3307.8251720946987,-1.04724226543457,SL,True
Long,2025-05-28 10:10:00,3312.95,3307.0491273462226,5.900872653777317,2025-05-28 12:45:00,3324.7517453075543,1.9644120433838332,TP4,False
Short,2025-05-28 16:25:00,3305.94,3312.6224619493805,6.682461949380247,2025-05-28 19:35:00,3292.5750761012396,1.9685744563020682,TP4,False
Short,2025-05-29 02:05:00,3277.04,3284.3016152170044,7.261615217004381,2025-05-29 02:20:00,3262.516769565991,1.9779663345938168,TP4,False
Short,2025-05-29 04:15:00,3247.79,3259.098676679751,11.308676679750764,2025-05-29 04:50:00,3259.098676679751,-1.018569812007823,SL,True
Long,2025-05-29 14:45:00,3304.96,3299.0550911494624,5.904908850537522,2025-05-29 15:00:00,3299.0550911494624,-1.035563631093299,SL,True
Long,2025-05-29 17:45:00,3312.36,3303.506160412215,8.853839587785036,2025-05-29 19:15:00,3330.06767917557,1.9762814767629258,TP4,False
Short,2025-05-30 05:10:00,3305.56,3312.2230667150525,6.6630667150525635,2025-05-30 06:45:00,3292.233866569895,1.9819902748791394,TP4,False
Short,2025-05-30 06:45:00,3291.86,3298.018701282986,6.158701282986121,2025-05-30 08:25:00,3298.018701282986,-1.0340980980162084,SL,True
Short,2025-05-30 09:40:00,3295.9,3302.242198250659,6.342198250658973,2025-05-30 15:10:00,3302.242198250659,-1.0299580669809754,SL,True
Short,2025-06-02 03:35:00,3306.64,3311.943769141615,5.303769141615067,2025-06-02 04:00:00,3311.943769141615,-1.0395944835442505,SL,True
Short,2025-06-02 04:45:00,3303.86,3309.9013126702384,6.0413126702383675,2025-06-02 05:15:00,3309.9013126702384,-1.0347606574038914,SL,True
Long,2025-06-02 09:15:00,3333.79,3328.4460219966027,5.343978003397364,2025-06-02 09:40:00,3344.4779560067946,1.983158613313356,TP4,False
Short,2025-06-02 12:05:00,3349.33,3355.2640893324665,5.934089332466453,2025-06-02 14:30:00,3355.2640893324665,-1.03538874934881,SL,True
Long,2025-06-02 16:10:00,3356.46,3350.1202519710296,6.33974802897024,2025-06-02 16:45:00,3369.1394960579405,1.9779171034305678,TP4,False
Long,2025-06-03 02:35:00,3386.07,3381.4926036919505,4.577396308049786,2025-06-03 03:05:00,3381.4926036919505,-1.04587760942406,SL,True
Short,2025-06-03 05:20:00,3372.85,3379.7882385830735,6.9382385830736295,2025-06-03 08:25:00,3358.9735228338527,1.9711742400314718,TP4,False
Short,2025-06-03 09:40:00,3355.55,3361.8388673168315,6.288867316831124,2025-06-03 11:00:00,3361.8388673168315,-1.0143110031530376,SL,True
Short,2025-06-03 15:10:00,3353.39,3357.888732949957,4.498732949957174,2025-06-03 15:35:00,3357.888732949957,-1.0466798101456667,SL,True
Short,2025-06-03 17:00:00,3336.46,3345.380926009982,8.920926009982136,2025-06-03 17:25:00,3345.380926009982,-1.0134515183586916,SL,True
Short,2025-06-03 18:45:00,3346.99,3353.90245972466,6.912459724660069,2025-06-03 20:30:00,3353.90245972466,-1.0303799238425648,SL,True
Long,2025-06-04 02:40:00,3359.31,3356.3937888442497,2.916211155750121,2025-06-04 03:00:00,3356.3937888442497,-1.0685821393988515,SL,True
Long,2025-06-04 04:30:00,3367.15,3361.08868994642,6.061310053580374,2025-06-04 06:35:00,3361.08868994642,-1.0164980836017055,SL,True
Short,2025-06-04 08:35:00,3348.2,3353.4746413856587,5.274641385658924,2025-06-04 08:40:00,3353.4746413856587,-1.0398131331868292,SL,True
Long,2025-06-04 15:20:00,3354.36,3348.259032611195,6.10096738880537,2025-06-04 15:25:00,3348.259032611195,-1.0344207707756576,SL,True
Long,2025-06-04 17:25:00,3369.32,3360.4256380420907,8.89436195790969,2025-06-05 08:45:00,3363.21,-0.709438184533146,REV,False
Short,2025-06-05 08:45:00,3363.21,3368.182183292981,4.97218329298062,2025-06-05 09:20:00,3368.182183292981,-1.040223778613023,SL,True
Short,2025-06-05 09:30:00,3367.12,3371.9697219540553,4.849721954055648,2025-06-05 10:10:00,3371.9697219540553,-1.0433014515036632,SL,True
Short,2025-06-05 15:45:00,3383.08,3392.114502976484,9.034502976483893,2025-06-05 17:45:00,3365.010994047032,1.9889313224800356,TP4,False
Short,2025-06-05 17:45:00,3367.19,3380.2176559047634,13.02765590476337,2025-06-05 18:50:00,3341.1346881904733,1.9877184352143136,TP4,False
Short,2025-06-05 18:50:00,3341.56,3354.989431651871,13.42943165187135,2025-06-05 19:50:00,3354.989431651871,-1.0067016983542534,SL,True
Long,2025-06-06 04:20:00,3366.0,3361.3559096536746,4.644090346325404,2025-06-06 04:40:00,3361.3559096536746,-1.0344523874576537,SL,True
Short,2025-06-06 10:00:00,3357.48,3363.1505207663413,5.6705207663411,2025-06-06 11:25:00,3363.1505207663413,-1.0370336356488952,SL,True
Long,2025-06-06 11:25:00,3363.95,3358.044126828674,5.905873171325771,2025-06-06 12:20:00,3358.044126828674,-1.015239067516208,SL,True
Short,2025-06-09 03:40:00,3302.84,3309.299699451256,6.45969945125559,2025-06-09 04:05:00,3309.299699451256,-1.0139325367502536,SL,True
Short,2025-06-09 04:55:00,3295.86,3303.8587157485103,7.998715748510098,2025-06-09 05:20:00,3303.8587157485103,-1.0262542146267968,SL,True
Long,2025-06-09 10:20:00,3327.91,3323.0575282893424,4.852471710657523,2025-06-09 10:35:00,3323.0575282893424,-1.0206080541964477,SL,True
Short,2025-06-09 11:55:00,3319.81,3324.317704292897,4.507704292897084,2025-06-09 16:20:00,3310.7945914142056,1.953413093150166,TP4,False
Short,2025-06-10 01:40:00,3322.18,3325.4792015752173,3.2992015752173427,2025-06-10 02:15:00,3325.4792015752173,-1.0636517639836207,SL,True
Short,2025-06-10 03:25:00,3320.51,3324.5431069893943,4.0331069893941995,2025-06-10 04:10:00,3312.443786021212,1.9702462641542349,TP4,False
Short,2025-06-10 04:30:00,3307.59,3314.1314208243653,6.541420824364974,2025-06-10 08:30:00,3314.1314208243653,-1.0229307980678177,SL,True
Short,2025-06-10 15:10:00,3329.16,3334.0885613224586,4.928561322458985,2025-06-10 15:20:00,3334.0885613224586,-1.0426087830221074,SL,True
Short,2025-06-11 04:50:00,3328.61,3333.609040716978,4.999040716977932,2025-06-11 05:15:00,3333.609040716978,-1.042008059523675,SL,True
Long,2025-06-11 08:55:00,3339.68,3335.161025280946,4.518974719053927,2025-06-11 09:25:00,3335.161025280946,-1.0464707180401966,SL,True
Short,2025-06-11 12:05:00,3335.99,3341.3248315074798,5.334831507480011,2025-06-11 12:10:00,3341.3248315074798,-1.0393639423673497,SL,True
Short,2025-06-11 14:00:00,3327.11,3332.297016024809,5.187016024808895,2025-06-11 14:30:00,3332.297016024809,-1.0173510163781447,SL,True
Long,2025-06-11 15:15:00,3337.97,3331.3715694593748,6.598430540624813,2025-06-11 15:30:00,3351.1668610812494,1.9863603929076905,TP4,False
Long,2025-06-11 21:05:00,3337.65,3330.3466769783327,7.303323021667651,2025-06-11 23:25:00,3352.2566460433354,1.9712459657916077,TP4,False
Short,2025-06-12 02:50:00,3359.03,3365.217852339925,6.18785233992455,2025-06-12 02:55:00,3365.217852339925,-1.0323213918195184,SL,True
Long,2025-06-12 03:45:00,3370.81,3363.613513374425,7.1964866255750275,2025-06-12 04:00:00,3363.613513374425,-1.015285236494276,SL,True
Long,2025-06-12 14:40:00,3376.71,3368.4421395924164,8.267860407583518,2025-06-12 16:05:00,3393.2457208151673,1.9746004419949816,TP4,False
Long,2025-06-12 16:30:00,3387.7,3378.3060567535795,9.393943246420157,2025-06-12 18:15:00,3378.3060567535795,-1.0212903138494485,SL,True
Long,2025-06-13 03:15:00,3410.58,3401.733602001071,8.84639799892878,2025-06-13 04:20:00,3428.2727959978574,1.9898263677475336,TP4,False
Long,2025-06-13 05:50:00,3442.83,3433.4870778305726,9.34292216942717,2025-06-13 06:10:00,3433.4870778305726,-1.0192659209544903,SL,True
Long,2025-06-13 15:50:00,3436.37,3429.254414478259,7.115585521740688,2025-06-13 17:10:00,3429.254414478259,-1.028107314484378,SL,True
Short,2025-06-13 17:15:00,3427.31,3437.0002909241903,9.690290924190261,2025-06-13 17:45:00,3437.0002909241903,-1.0092876468523138,SL,True
Short,2025-06-16 02:50:00,3442.4,3449.5529936877715,7.152993687771531,2025-06-16 03:20:00,3449.5529936877715,-1.0279603210529593,SL,True
Short,2025-06-16 03:45:00,3436.9,3444.867717895975,7.967717895974873,2025-06-16 05:05:00,3444.867717895975,-1.0200810322465121,SL,True
Short,2025-06-16 08:40:00,3420.67,3427.220932542913,6.550932542913102,2025-06-16 16:15:00,3407.5681349141737,1.9679434952773236,TP4,False
Long,2025-06-17 02:55:00,3402.88,3397.2151843978586,5.664815602141398,2025-06-17 03:00:00,3397.2151843978586,-1.0264792379020098,SL,True
Long,2025-06-17 04:00:00,3398.68,3392.399822633737,6.280177366262801,2025-06-17 04:50:00,3393.92,-0.7913789229423156,REV,False
Short,2025-06-17 04:50:00,3393.92,3399.688604479097,5.768604479097262,2025-06-17 05:40:00,3399.688604479097,-1.0364039519021977,SL,True
Short,2025-06-17 07:15:00,3388.63,3395.0561046091716,6.426104609171297,2025-06-17 07:45:00,3395.0561046091716,-1.032679206575704,SL,True
Short,2025-06-17 11:50:00,3381.34,3386.873216116417,5.533216116417176,2025-06-17 13:00:00,3386.873216116417,-1.0271090080061618,SL,True
Short,2025-06-17 14:50:00,3391.52,3397.467042833525,5.947042833524778,2025-06-17 17:30:00,3379.6259143329503,1.9646883323563693,TP4,False
Short,2025-06-17 18:00:00,3384.61,3394.241683601805,9.63168360180508,2025-06-18 01:00:00,3394.241683601805,-1.0207648016970177,SL,True
Short,2025-06-18 08:30:00,3389.03,3393.9717697121314,4.9417697121312525,2025-06-18 10:25:00,3379.146460575738,1.957505101970938,TP4,False
Short,2025-06-18 10:25:00,3378.3,3383.6790168253992,5.379016825399016,2025-06-18 10:40:00,3383.6790168253992,-1.0390405917691947,SL,True
Short,2025-06-18 17:15:00,3381.49,3388.43563763846,6.945637638460194,2025-06-18 17:30:00,3388.43563763846,-1.0302348050576458,SL,True
Short,2025-06-18 22:25:00,3365.24,3374.1051581731135,8.865158173113864,2025-06-18 22:30:00,3374.1051581731135,-1.0101521031257883,SL,True
Long,2025-06-19 01:05:00,3374.05,3367.073047583947,6.976952416053225,2025-06-19 08:45:00,3367.073047583947,-1.0128996149942247,SL,True
Long,2025-06-19 10:35:00,3365.79,3357.148502073969,8.641497926030606,2025-06-20 04:50:00,3358.89,-0.8088875400807837,REV,False
Short,2025-06-20 04:50:00,3358.89,3364.2146539326213,5.324653932621388,2025-06-20 06:10:00,3348.240692134757,1.9605608171616002,TP4,False
Long,2025-06-20 10:10:00,3353.2,3347.193212500638,6.006787499361975,2025-06-20 10:45:00,3347.193212500638,-1.0332956676128848,SL,True
Short,2025-06-23 04:20:00,3356.02,3364.065882160706,8.04588216070602,2025-06-23 05:15:00,3364.065882160706,-1.0236145640969154,SL,True
Short,2025-06-23 09:05:00,3355.47,3360.741453387658,5.271453387658182,2025-06-23 11:00:00,3360.741453387658,-1.0398372108329352,SL,True
Long,2025-06-23 12:10:00,3368.09,3363.153618888221,4.936381111779264,2025-06-23 12:30:00,3363.153618888221,-1.0182319796551227,SL,True
Short,2025-06-23 15:15:00,3362.56,3368.958273213861,6.398273213861082,2025-06-23 16:15:00,3368.958273213861,-1.0203179820015174,SL,True
Long,2025-06-23 16:40:00,3381.73,3374.585837329304,7.144162670696189,2025-06-23 17:05:00,3374.585837329304,-1.01679692995962,SL,True
Short,2025-06-23 20:15:00,3381.4,3388.9053971957037,7.505397195703669,2025-06-24 01:00:00,3366.389205608593,1.9733525095627709,TP4,False
Short,2025-06-24 01:00:00,3358.69,3364.7871324205043,6.097132420504135,2025-06-24 02:30:00,3346.495735158992,1.9704779250988858,TP4,False
Short,2025-06-24 02:30:00,3345.31,3353.856417165412,8.546417165412151,2025-06-24 03:45:00,3353.856417165412,-1.0234016191965627,SL,True
Short,2025-06-24 03:55:00,3351.08,3359.0954813663484,8.01548136634856,2025-06-24 08:35:00,3335.049037267303,1.9762958715370655,TP4,False
Short,2025-06-24 08:50:00,3328.46,3334.512352257249,6.052352257248756,2025-06-24 09:35:00,3316.3552954855027,1.9818252482134702,TP4,False
Long,2025-06-24 10:55:00,3329.69,3321.8300311097346,7.859968890265262,2025-06-24 12:15:00,3321.8300311097346,-1.0254453933332872,SL,True
Short,2025-06-24 15:10:00,3313.42,3319.3877498670145,5.9677498670144535,2025-06-24 16:35:00,3301.4845002659713,1.9664865310281208,TP4,False
Short,2025-06-24 16:35:00,3300.26,3309.6115843959024,9.351584395902055,2025-06-24 17:15:00,3309.6115843959024,-1.011762712642393,SL,True
Long,2025-06-24 18:25:00,3312.21,3303.5542561191733,8.655743880826707,2025-06-25 03:30:00,3329.5214877616536,1.9849810713221514,TP4,False
Long,2025-06-25 04:10:00,3330.85,3327.5252404420607,3.3247595579391143,2025-06-25 06:55:00,3327.5252404420607,-1.0691779348226353,SL,True
Long,2025-06-25 10:40:00,3335.2,3330.7757828571102,4.424217142889457,2025-06-25 10:50:00,3330.7757828571102,-1.0452057377702526,SL,True
Short,2025-06-26 03:30:00,3332.53,3336.172428336469,3.6424283364684644,2025-06-26 04:05:00,3336.172428336469,-1.057653845347504,SL,True
Short,2025-06-26 12:05:00,3344.22,3348.2266204405805,4.0066204405808445,2025-06-26 14:35:00,3336.206759118838,1.9475867497023618,TP4,False
Short,2025-06-26 15:50:00,3326.7,3334.056422620807,7.356422620807429,2025-06-26 16:35:00,3311.987154758385,1.9850470798552666,TP4,False
Short,2025-06-27 02:50:00,3317.9,3321.5172837792466,3.6172837792466006,2025-06-27 04:25:00,3321.18,-0.9648123323978287,REV,False
Long,2025-06-27 04:25:00,3321.18,3316.3540310610656,4.825968938934457,2025-06-27 04:40:00,3316.3540310610656,-1.0435145776230685,SL,True
Short,2025-06-27 05:55:00,3308.84,3313.8083857184124,4.968385718412084,2025-06-27 06:40:00,3298.903228563176,1.9718218335019209,TP4,False
Long,2025-06-27 08:25:00,3298.06,3292.4019577022605,5.658042297739398,2025-06-27 09:30:00,3292.4019577022605,-1.015906561892626,SL,True
Short,2025-06-27 09:35:00,3287.61,3294.499189520273,6.889189520272762,2025-06-27 09:55:00,3294.499189520273,-1.027579441593372,SL,True
Short,2025-06-27 15:05:00,3274.14,3280.7127552091706,6.572755209170863,2025-06-27 15:25:00,3280.7127552091706,-1.0319500716696195,SL,True
Short,2025-06-27 16:00:00,3263.83,3272.4116200303356,8.581620030335547,2025-06-27 16:50:00,3272.4116200303356,-1.0244709040085422,SL,True
Short,2025-06-27 17:35:00,3266.84,3276.752074606785,9.912074606784632,2025-06-27 18:40:00,3276.752074606785,-1.0211862812106285,SL,True
Long,2025-06-30 05:05:00,3281.35,3274.2526511313554,7.097348868644758,2025-06-30 10:20:00,3295.5446977372894,1.983092278226572,TP4,False
Short,2025-06-30 11:35:00,3289.25,3293.8123966374915,4.562396637491618,2025-06-30 12:30:00,3280.1252067250166,1.953971559974827,TP4,False
Long,2025-06-30 15:20:00,3285.33,3280.3483232852736,4.981676714726343,2025-06-30 16:15:00,3280.3483232852736,-1.03412505662951,SL,True
Long,2025-07-01 01:50:00,3312.08,3308.087979423313,3.992020576687133,2025-07-01 04:15:00,3320.064041153374,1.977455026027248,TP4,False
Long,2025-07-01 05:25:00,3316.07,3312.0746628440806,3.9953371559193083,2025-07-01 08:00:00,3324.0606743118387,1.949941646425576,TP4,False
Long,2025-07-01 10:05:00,3334.01,3330.0073879544184,4.002612045581757,2025-07-01 11:00:00,3342.015224091164,1.9550293663362777,TP4,False
Long,2025-07-01 15:30:00,3354.48,3349.6253905797944,4.854609420205609,2025-07-01 16:05:00,3349.6253905797944,-1.03913806107845,SL,True
Long,2025-07-02 05:50:00,3337.12,3332.2462896689294,4.873710331070392,2025-07-02 09:40:00,3332.2462896689294,-1.0389846722708997,SL,True
Long,2025-07-02 15:15:00,3346.72,3341.462686711259,5.257313288740994,2025-07-02 16:20:00,3341.462686711259,-1.0304337959738197,SL,True
Short,2025-07-03 02:15:00,3352.31,3356.392390452574,4.082390452574337,2025-07-03 12:45:00,3344.145219094851,1.9534586409097356,TP4,False
Short,2025-07-03 15:30:00,3328.13,3335.663545801704,7.533545801704047,2025-07-03 15:40:00,3313.062908396592,1.9880534342832967,TP4,False
Long,2025-07-04 01:55:00,3329.15,3326.899549739264,2.2504502607364,2025-07-04 03:10:00,3326.899549739264,-1.0844275491508277,SL,True
Short,2025-07-04 12:10:00,3339.92,3343.2913515503756,3.3713515503754823,2025-07-04 12:35:00,3333.177296899249,1.943642780303105,TP4,False
Short,2025-07-07 04:05:00,3317.84,3323.37210673353,5.532106733529931,2025-07-07 04:20:00,3306.7757865329404,1.9728855556797247,TP4,False
Short,2025-07-07 05:45:00,3306.92,3312.856167492631,5.936167492630931,2025-07-07 06:10:00,3312.856167492631,-1.0336917717109861,SL,True
Short,2025-07-07 15:25:00,3302.9,3309.5009299831117,6.6009299831117145,2025-07-07 15:35:00,3309.5009299831117,-1.0302987610096812,SL,True
Long,2025-07-07 17:15:00,3318.55,3311.925131276958,6.624868723042276,2025-07-07 20:10:00,3331.7997374460847,1.972829650288167,TP4,False
Short,2025-07-08 17:20:00,3301.57,3308.865715464684,7.295715464683846,2025-07-08 20:25:00,3308.865715464684,-1.0191893448528289,SL,True
Short,2025-07-09 11:35:00,3283.97,3289.254310080168,5.284310080168324,2025-07-09 11:45:00,3289.254310080168,-1.039740287154631,SL,True
Long,2025-07-09 16:50:00,3302.75,3296.065670531674,6.6843294683257755,2025-07-09 22:10:00,3316.1186589366516,1.970079272581096,TP4,False
Long,2025-07-10 09:15:00,3326.51,3322.9414844270914,3.568515572909003,2025-07-10 10:40:00,3322.9414844270914,-1.0532434274470457,SL,True
Short,2025-07-10 10:45:00,3321.17,3324.9066780125017,3.7366780125015926,2025-07-10 11:40:00,3324.9066780125017,-1.0481711293822646,SL,True
Long,2025-07-10 12:50:00,3325.78,3322.1909166670557,3.589083332944641,2025-07-10 14:50:00,3322.1909166670557,-1.0445796280435125,SL,True
Short,2025-07-11 01:50:00,3321.81,3324.497268887974,2.6872688879737536,2025-07-11 02:10:00,3324.497268887974,-1.044655002905438,SL,True
Long,2025-07-11 03:30:00,3332.42,3328.423401079998,3.9965989200020644,2025-07-11 04:00:00,3328.423401079998,-1.0400340397430032,SL,True
Long,2025-07-11 04:25:00,3328.45,3323.623166018188,4.826833981811886,2025-07-11 08:20:00,3338.1036679636236,1.9751389833476414,TP4,False
Long,2025-07-11 09:15:00,3341.7,3337.2656280154733,4.43437198452639,2025-07-11 09:45:00,3337.2656280154733,-1.0473573260729767,SL,True
Long,2025-07-11 15:40:00,3352.53,3346.819149208204,5.710850791795846,2025-07-11 18:05:00,3363.951701583592,1.9667300010231294,TP4,False
Long,2025-07-11 18:15:00,3367.89,3361.3212493928067,6.568750607193134,2025-07-11 18:35:00,3361.3212493928067,-1.013701235650724,SL,True
Long,2025-07-14 03:10:00,3368.12,3363.030180623216,5.089819376783978,2025-07-14 04:05:00,3363.030180623216,-1.0373294189704592,SL,True
Short,2025-07-14 04:05:00,3363.09,3368.635712351781,5.54571235178077,2025-07-14 09:55:00,3368.635712351781,-1.0306543125961922,SL,True
Short,2025-07-14 11:35:00,3365.45,3370.2543077292953,4.8043077292954095,2025-07-14 12:55:00,3370.2543077292953,-1.0353849107049207,SL,True
Short,2025-07-14 17:35:00,3343.92,3350.8050294470477,6.88502944704759,2025-07-14 20:25:00,3350.8050294470477,-1.0261436790335292,SL,True
Long,2025-07-15 05:15:00,3350.58,3347.2196934518215,3.3603065481786367,2025-07-15 06:40:00,3357.300613096357,1.95536121545777,TP4,False
Long,2025-07-15 09:35:00,3362.01,3358.187611886105,3.822388113895015,2025-07-15 09:55:00,3358.187611886105,-1.0497071449415256,SL,True
Long,2025-07-15 11:30:00,3361.4,3356.976520505115,4.4234794948851714,2025-07-15 14:35:00,3356.976520505115,-1.0339099571216475,SL,True
Short,2025-07-15 15:35:00,3348.03,3354.278181444996,6.248181444995733,2025-07-15 15:45:00,3354.278181444996,-1.0304088480260318,SL,True
Long,2025-07-16 04:35:00,3334.04,3330.432635814588,3.607364185411866,2025-07-16 04:45:00,3330.432635814588,-1.0526700355811915,SL,True
Long,2025-07-16 10:15:00,3340.09,3336.9414690401504,3.148530959849917,2025-07-16 10:40:00,3336.9414690401504,-1.060345603210731,SL,True
Long,2025-07-16 17:55:00,3338.12,3328.075480915659,10.044519084340516,2025-07-16 18:15:00,3358.2090381686808,1.9860620504750275,TP4,False
Short,2025-07-17 04:05:00,3338.3,3341.584196683348,3.2841966833480702,2025-07-17 04:15:00,3341.584196683348,-1.0578528079524867,SL,True
Short,2025-07-17 15:30:00,3317.99,3324.323319854881,6.333319854881317,2025-07-17 17:05:00,3322.75,-0.7657911034229778,REV,False
Long,2025-07-17 17:05:00,3322.75,3315.5394745810972,7.2105254189027566,2025-07-17 18:25:00,3337.1710508378055,1.975036493245262,TP4,False
Long,2025-07-18 12:30:00,3353.43,3349.8221796187963,3.6078203812033296,2025-07-18 13:00:00,3349.8221796187963,-1.0526633756464363,SL,True
Long,2025-07-18 15:00:00,3358.32,3354.4536506573154,3.866349342684884,2025-07-18 16:30:00,3354.4536506573154,-1.0336234490155025,SL,True
Short,2025-07-18 16:35:00,3353.4,3358.271932541183,4.871932541183096,2025-07-18 17:05:00,3358.271932541183,-1.0410514715278365,SL,True
Short,2025-07-21 01:15:00,3345.44,3348.4757933845394,3.035793384539476,2025-07-21 02:00:00,3348.4757933845394,-1.0428224136273423,SL,True
Long,2025-07-21 04:05:00,3357.47,3354.19187458889,3.278125411109466,2025-07-21 05:10:00,3354.19187458889,-1.0610104785260361,SL,True
Short,2025-07-21 05:40:00,3353.01,3356.187736353042,3.177736353042064,2025-07-21 06:10:00,3356.187736353042,-1.0597909892108843,SL,True
Long,2025-07-21 08:10:00,3362.87,3359.84326531336,3.0267346866399847,2025-07-21 08:30:00,3368.9234693732797,1.9372260803568735,TP4,False
Short,2025-07-21 10:20:00,3365.03,3368.7869793601367,3.7569793601366506,2025-07-21 14:10:00,3368.7869793601367,-1.0532342557220113,SL,True
Long,2025-07-21 15:30:00,3384.09,3379.967547395246,4.122452604754118,2025-07-21 16:45:00,3392.334905209508,1.9563366720595838,TP4,False
Short,2025-07-22 02:35:00,3394.72,3397.7090564372547,2.9890564372550257,2025-07-22 04:40:00,3388.74188712549,1.9464714021435057,TP4,False
Short,2025-07-22 04:40:00,3388.17,3392.786016791072,4.616016791072138,2025-07-22 06:40:00,3392.786016791072,-1.0194973294234981,SL,True
Long,2025-07-22 15:40:00,3403.68,3399.2134189493822,4.46658105061767,2025-07-22 16:05:00,3412.613162101235,1.9798503600449202,TP4,False
Long,2025-07-22 17:30:00,3424.12,3416.474668706046,7.6453312939538085,2025-07-23 08:45:00,3416.474668706046,-1.011771890130023,SL,True
Short,2025-07-23 16:20:00,3410.99,3417.812155922378,6.82215592237837,2025-07-23 17:05:00,3417.812155922378,-1.0175897474882454,SL,True
Short,2025-07-23 17:10:00,3416.7,3423.7595075208046,7.059507520804811,2025-07-23 18:55:00,3402.58098495839,1.9745024706794985,TP4,False
Short,2025-07-24 05:10:00,3382.16,3387.3800436562847,5.220043656284764,2025-07-24 05:20:00,3387.3800436562847,-1.0172412351171995,SL,True
Short,2025-07-24 06:00:00,3380.66,3385.8525911471493,5.192591147149299,2025-07-24 06:50:00,3385.8525911471493,-1.036590595064359,SL,True
Short,2025-07-24 06:55:00,3383.83,3388.8554578927433,5.025457892743282,2025-07-24 09:25:00,3373.779084214513,1.9641823682853337,TP4,False
Short,2025-07-24 09:25:00,3371.93,3376.8839779223667,4.953977922366896,2025-07-24 09:35:00,3376.8839779223667,-1.0383530171061461,SL,True
Short,2025-07-24 15:45:00,3354.3,3359.9874843410175,5.687484341017129,2025-07-24 16:25:00,3359.9874843410175,-1.0158242193918952,SL,True
Long,2025-07-24 16:45:00,3371.73,3364.436059802533,7.293940197467208,2025-07-25 05:20:00,3364.436059802533,-1.0191940153346257,SL,True
Short,2025-07-25 05:30:00,3363.91,3367.418013609585,3.5080136095853893,2025-07-25 08:35:00,3356.8939727808292,1.974344455291094,TP4,False
Short,2025-07-25 08:40:00,3356.6,3359.8007103479504,3.20071034795043,2025-07-25 10:15:00,3359.8007103479504,-1.0562375161861475,SL,True
Short,2025-07-25 10:30:00,3356.83,3360.618706124219,3.7887061242189057,2025-07-25 11:25:00,3349.2525877515623,1.9498509533939332,TP4,False
Short,2025-07-25 11:25:00,3345.59,3349.796974709831,4.206974709830674,2025-07-25 15:40:00,3337.1760505803386,1.9786069548292051,TP4,False
Long,2025-07-25 16:30:00,3345.19,3339.293211653681,5.896788346319049,2025-07-25 17:15:00,3339.293211653681,-1.0322209292315505,SL,True
Short,2025-07-25 17:35:00,3332.85,3339.462248034309,6.612248034309418,2025-07-25 22:00:00,3339.462248034309,-1.0272222093100314,SL,True
Short,2025-07-28 01:40:00,3328.52,3332.268269265707,3.748269265707447,2025-07-28 02:00:00,3332.268269265707,-1.0240110818139925,SL,True
Short,2025-07-28 03:40:00,3329.49,3333.984985807133,4.494985807132964,2025-07-28 04:00:00,3333.984985807133,-1.0244717124191232,SL,True
Short,2025-07-28 16:40:00,3321.99,3327.769292793269,5.779292793269223,2025-07-28 16:50:00,3310.4314144134614,1.97577558275588,TP4,False
Long,2025-07-28 18:35:00,3316.17,3309.678167319512,6.491832680488203,2025-07-28 20:05:00,3309.678167319512,-1.0292675442130612,SL,True
Short,2025-07-29 03:05:00,3310.41,3314.2091659225753,3.799165922575416,2025-07-29 04:20:00,3314.2091659225753,-1.0315858802814932,SL,True
Long,2025-07-30 04:05:00,3330.94,3327.45069007038,3.489309929620259,2025-07-30 04:30:00,3327.45069007038,-1.057317923610631,SL,True
Short,2025-07-30 16:10:00,3309.22,3315.997559269782,6.77755926978221,2025-07-30 18:20:00,3295.6648814604355,1.9719663093398214,TP4,False
Short,2025-07-30 21:35:00,3289.72,3296.612009274446,6.892009274446028,2025-07-30 22:00:00,3275.9359814511076,1.9782356648073502,TP4,False
Long,2025-07-31 01:05:00,3277.59,3271.008570277621,6.581429722379212,2025-07-31 04:20:00,3290.7528594447585,1.971130892828049,TP4,False
Long,2025-07-31 04:55:00,3293.9,3288.8500560950806,5.049943904919336,2025-07-31 09:30:00,3303.9998878098386,1.9623758196967114,TP4,False
Long,2025-07-31 10:45:00,3306.49,3301.3407989990324,5.149201000967606,2025-07-31 13:40:00,3301.3407989990324,-1.0349568797112392,SL,True
Short,2025-07-31 17:30:00,3293.71,3299.9654137492967,6.255413749296688,2025-08-01 08:50:00,3299.9654137492967,-1.0143875375166116,SL,True
Long,2025-08-01 11:50:00,3293.08,3288.8187817280023,4.261218271997772,2025-08-01 13:50:00,3301.6024365439953,1.9530650656141058,TP4,False
Long,2025-08-01 14:10:00,3300.71,3296.4333822544895,4.2766177455104035,2025-08-01 15:30:00,3309.2632354910206,1.9625872571453953,TP4,False
Long,2025-08-01 15:30:00,3328.14,3319.619928844943,8.520071155056936,2025-08-01 15:45:00,3345.1801423101138,1.9894367079379878,TP4,False
Long,2025-08-04 03:05:00,3359.12,3354.7351733373466,4.3848266626531505,2025-08-04 03:25:00,3354.7351733373466,-1.0456118372257621,SL,True
Short,2025-08-04 04:20:00,3346.56,3351.027617251802,4.467617251802093,2025-08-04 04:45:00,3351.027617251802,-1.0201449665285547,SL,True
Long,2025-08-04 16:00:00,3372.29,3366.890748846727,5.399251153273043,2025-08-04 16:50:00,3383.088502306546,1.9833310217574653,TP4,False
Long,2025-08-05 03:45:00,3380.39,3377.603713060327,2.7862869396725642,2025-08-05 05:15:00,3378.69,-0.6424320390383674,REV,False
Short,2025-08-05 05:15:00,3378.69,3382.0651277639795,3.375127763979421,2025-08-05 07:00:00,3371.939744472041,1.9525943871791909,TP4,False
Short,2025-08-05 09:00:00,3371.98,3375.1677205047836,3.1877205047834436,2025-08-05 10:30:00,3375.1677205047836,-1.056466681984825,SL,True
Short,2025-08-05 13:05:00,3356.82,3361.222612454209,4.402612454208701,2025-08-05 15:20:00,3357.75,-0.258937167842254,REV,False
Long,2025-08-05 15:20:00,3357.75,3352.680387183984,5.069612816015968,2025-08-05 16:00:00,3367.889225632032,1.9723844788387428,TP4,False
Long,2025-08-05 17:20:00,3382.13,3374.7458605900583,7.384139409941953,2025-08-06 04:05:00,3380.27,-0.264079521220125,REV,False
Short,2025-08-06 04:05:00,3380.27,3383.3635396079076,3.09353960790737,2025-08-06 04:55:00,3374.0829207841853,1.932116595674663,TP4,False
Long,2025-08-06 09:00:00,3376.32,3372.8589811729366,3.4610188270633926,2025-08-06 10:00:00,3372.8589811729366,-1.0375611941153282,SL,True
Short,2025-08-06 11:15:00,3367.2,3371.6217785788026,4.421778578802983,2025-08-06 12:50:00,3358.356442842394,1.9796461992847454,TP4,False
Long,2025-08-06 17:20:00,3375.83,3370.140585548114,5.689414451885908,2025-08-06 21:10:00,3370.140585548114,-1.0158188510893738,SL,True
Long,2025-08-07 04:25:00,3378.03,3373.6284125327375,4.401587467262908,2025-08-07 06:15:00,3377.03,-0.24763792793098985,REV,False
Short,2025-08-07 06:15:00,3377.03,3381.08902971072,4.059029710719865,2025-08-07 09:35:00,3381.08902971072,-1.044345573407457,SL,True
Short,2025-08-07 11:20:00,3374.07,3381.149832315863,7.079832315863063,2025-08-07 11:45:00,3381.149832315863,-1.0141246283158056,SL,True
Long,2025-08-07 17:10:00,3390.09,3380.148784936995,9.941215063004964,2025-08-07 17:20:00,3380.148784936995,-1.0120709590567731,SL,True
Short,2025-08-08 01:15:00,3390.12,3397.8912966994967,7.771296699496979,2025-08-08 01:35:00,3397.8912966994967,-1.0283093039047237,SL,True
Long,2025-08-08 15:20:00,3391.81,3385.7169624529765,6.093037547023629,2025-08-08 17:05:00,3385.7169624529765,-1.022977045343857,SL,True
Short,2025-08-11 04:05:00,3371.81,3378.5613337151835,6.751333715183669,2025-08-11 04:50:00,3378.5613337151835,-1.0133306993546345,SL,True
Short,2025-08-11 12:10:00,3356.03,3361.4944977039727,5.464497703972545,2025-08-11 12:20:00,3361.4944977039727,-1.0365998872786686,SL,True
Short,2025-08-11 15:25:00,3349.07,3355.4889715727786,6.418971572778272,2025-08-11 15:45:00,3355.4889715727786,-1.0155788195766835,SL,True
Long,2025-08-11 16:45:00,3360.29,3352.8227495044903,7.467250495509472,2025-08-11 17:25:00,3352.8227495044903,-1.0174093530247035,SL,True
Short,2025-08-11 17:35:00,3344.38,3351.952294939122,7.572294939122,2025-08-11 18:35:00,3351.952294939122,-1.0118854324512665,SL,True
Long,2025-08-11 20:35:00,3355.09,3348.6737105623565,6.416289437643745,2025-08-11 23:30:00,3348.6737105623565,-1.0140267986465605,SL,True
Long,2025-08-12 10:30:00,3353.23,3347.6472093061752,5.582790693824661,2025-08-12 11:35:00,3347.6472093061752,-1.0376155961269369,SL,True
Short,2025-08-12 15:20:00,3339.27,3344.367946695967,5.097946695966874,2025-08-12 15:30:00,3344.367946695967,-1.0294236109057073,SL,True
Short,2025-08-13 04:20:00,3343.48,3347.5279522498636,4.047952249863469,2025-08-13 04:30:00,3347.5279522498636,-1.0222334638465962,SL,True
Long,2025-08-13 06:05:00,3350.91,3346.679961640849,4.230038359150967,2025-08-13 08:40:00,3346.679961640849,-1.0354606713377672,SL,True
Long,2025-08-14 03:00:00,3365.48,3363.0719920613033,2.4080079386968682,2025-08-14 03:20:00,3370.2960158773935,1.9626247079364156,TP4,False
Long,2025-08-14 05:35:00,3367.53,3363.377781693995,4.15221830600502,2025-08-14 05:55:00,3363.377781693995,-1.0505753755038358,SL,True
Long,2025-08-14 09:55:00,3361.97,3358.316804353783,3.6531956462166875,2025-08-14 10:35:00,3358.316804353783,-1.0547465888412544,SL,True
Long,2025-08-14 12:15:00,3357.63,3351.2817987613,6.348201238700381,2025-08-14 15:30:00,3351.2817987613,-1.0157524936970026,SL,True
Short,2025-08-14 17:05:00,3336.61,3344.825490791573,8.215490791572714,2025-08-14 17:20:00,3344.825490791573,-1.0109549145977321,SL,True
Short,2025-08-18 02:10:00,3330.25,3332.687122151284,2.437122151283654,2025-08-18 02:15:00,3325.375755697433,1.9630711985639477,TP4,False
Long,2025-08-18 03:20:00,3339.61,3334.991371622622,4.618628377378227,2025-08-18 06:45:00,3348.8472567547565,1.9761834053289757,TP4,False
Short,2025-08-18 08:35:00,3347.19,3350.93698832211,3.746988322110149,2025-08-18 08:55:00,3350.93698832211,-1.0560450105384216,SL,True
Long,2025-08-18 10:10:00,3353.74,3349.4855103977497,4.254489602250231,2025-08-18 10:35:00,3349.4855103977497,-1.02350458206477,SL,True
Short,2025-08-18 16:00:00,3342.75,3346.4089057041124,3.658905704112341,2025-08-18 17:00:00,3335.4321885917752,1.9453388482312821,TP4,False
Short,2025-08-19 16:05:00,3330.62,3334.4772925250904,3.8572925250903514,2025-08-19 16:30:00,3334.4772925250904,-1.0466648559395881,SL,True
Short,2025-08-19 17:35:00,3328.53,3334.2800819061713,5.750081906170949,2025-08-19 20:00:00,3317.0298361876585,1.9669569924219228,TP4,False
Long,2025-08-20 10:15:00,3327.41,3324.4210300297195,2.9889699702804777,2025-08-20 10:25:00,3324.4210300297195,-1.0434932439243094,SL,True
Long,2025-08-20 15:00:00,3334.54,3331.3708670670767,3.169132932923268,2025-08-20 15:30:00,3340.8782658658465,1.9463575673226263,TP4,False
Long,2025-08-20 17:45:00,3349.35,3343.9875617009775,5.362438299022387,2025-08-20 18:05:00,3343.9875617009775,-1.0372964664295512,SL,True
Short,2025-08-21 04:45:00,3343.85,3346.995818636662,3.1458186366621734,2025-08-21 08:00:00,3337.5583627266756,1.93324472124597,TP4,False
Short,2025-08-21 09:20:00,3335.55,3338.3686199556337,2.818619955633376,2025-08-21 10:10:00,3338.3686199556337,-1.056765368342879,SL,True
Long,2025-08-21 10:45:00,3340.67,3337.649418327919,3.0205816720808616,2025-08-21 13:30:00,3337.649418327919,-1.0695230332425842,SL,True
Long,2025-08-21 15:05:00,3341.08,3336.6335816004325,4.446418399567172,2025-08-21 15:25:00,3336.6335816004325,-1.022490011288626,SL,True
Long,2025-08-21 17:05:00,3342.72,3336.2219673393015,6.498032660698177,2025-08-22 03:10:00,3336.46,-0.9926081226108746,REV,False
Short,2025-08-22 03:10:00,3336.46,3338.3638618964524,1.9038618964521636,2025-08-22 03:25:00,3338.3638618964524,-1.1103021182321557,SL,True
Short,2025-08-22 06:40:00,3334.09,3336.831591129327,2.7415911293267743,2025-08-22 07:45:00,3328.6068177413467,1.9234021449246148,TP4,False
Long,2025-08-22 10:05:00,3333.77,3330.548078049092,3.221921950907747,2025-08-22 10:30:00,3330.548078049092,-1.0682822251290716,SL,True
Short,2025-08-22 11:50:00,3328.53,3332.336392360987,3.8063923609867376,2025-08-22 16:35:00,3332.336392360987,-1.0551703503170693,SL,True
Long,2025-08-22 17:30:00,3373.01,3362.722607451086,10.287392548914132,2025-08-25 04:35:00,3362.722607451086,-1.0106926997756898,SL,True
Short,2025-08-25 04:35:00,3362.85,3365.8999994494698,3.0499994494697673,2025-08-25 06:05:00,3365.8999994494698,-1.0721311605608095,SL,True
Long,2025-08-25 14:45:00,3370.41,3367.6890269624514,2.720973037548426,2025-08-25 15:30:00,3367.6890269624514,-1.0330764027272794,SL,True
Short,2025-08-25 15:40:00,3365.71,3368.7561372841997,3.0461372841994487,2025-08-25 16:45:00,3368.7561372841997,-1.068939768765337,SL,True
Long,2025-08-25 17:10:00,3373.73,3369.677834088127,4.052165911873087,2025-08-25 17:25:00,3369.677834088127,-1.0222103442843486,SL,True
Long,2025-08-26 03:10:00,3369.02,3363.071447829456,5.948552170544105,2025-08-26 03:30:00,3380.9171043410884,1.9831891866906692,TP4,False
Long,2025-08-27 03:05:00,3391.97,3389.5585696099247,2.4114303900750658,2025-08-27 03:35:00,3389.5585696099247,-1.0870852423791126,SL,True
Long,2025-08-27 03:50:00,3391.14,3388.3709018555355,2.7690981444642393,2025-08-27 04:00:00,3388.3709018555355,-1.0650031131471283,SL,True
Short,2025-08-27 05:35:00,3382.88,3386.193946420416,3.3139464204159603,2025-08-27 07:35:00,3376.252107159168,1.9366314437957501,TP4,False
Long,2025-08-27 09:15:00,3381.59,3378.516660051727,3.0733399482734427,2025-08-27 09:40:00,3378.516660051727,-1.029284101828837,SL,True
Short,2025-08-27 10:10:00,3374.58,3378.060704009477,3.480704009476782,2025-08-27 10:40:00,3378.060704009477,-1.028729820096149,SL,True
Short,2025-08-28 04:25:00,3388.18,3391.9880856827763,3.808085682776563,2025-08-28 05:50:00,3390.66,-0.7011396860307144,REV,False
Long,2025-08-28 05:50:00,3390.66,3387.079049359175,3.5809506408252108,2025-08-28 11:35:00,3397.8219012816503,1.9441489090299526,TP4,False
Long,2025-08-28 11:45:00,3400.75,3397.0953607010883,3.654639298911578,2025-08-28 13:00:00,3397.0953607010883,-1.0465162184543664,SL,True
Long,2025-08-28 14:20:00,3401.54,3398.3606936927035,3.1793063072964487,2025-08-28 15:05:00,3407.898612614593,1.9496745564801847,TP4,False
Short,2025-08-28 15:55:00,3396.98,3402.085095320218,5.105095320218149,2025-08-28 16:20:00,3402.085095320218,-1.023505927406404,SL,True
Short,2025-08-29 04:00:00,3412.26,3414.725683790387,2.4656837903866586,2025-08-29 08:15:00,3407.328632419227,1.9229422682905812,TP4,False
Long,2025-08-29 16:10:00,3418.65,3414.2376474889293,4.412352511070633,2025-08-29 16:55:00,3427.4747050221413,1.9796027176490847,TP4,False
Long,2025-08-29 17:00:00,3431.45,3426.680057767089,4.769942232910849,2025-08-29 18:00:00,3440.9898844658214,1.9706495397294048,TP4,False
Short,2025-09-01 17:40:00,3474.53,3479.413192070634,4.883192070633815,2025-09-02 01:05:00,3479.413192070634,-1.0368611345604288,SL,True
Long,2025-09-02 02:45:00,3480.87,3477.5488641128172,3.3211358871828347,2025-09-02 04:00:00,3477.5488641128172,-1.027099162171341,SL,True
Long,2025-09-02 04:10:00,3488.94,3483.6464226010653,5.293577398934568,2025-09-02 04:40:00,3499.527154797869,1.9829982650261828,TP4,False
Short,2025-09-02 10:50:00,3474.62,3481.283511332056,6.663511332056275,2025-09-02 11:45:00,3481.283511332056,-1.0135063925781922,SL,True
Long,2025-09-02 17:40:00,3510.75,3500.266727454663,10.483272545337137,2025-09-02 21:35:00,3531.716545090674,1.9895070933695145,TP4,False
Long,2025-09-03 03:35:00,3541.33,3534.5834362639785,6.746563736021596,2025-09-03 04:15:00,3534.5834362639785,-1.0281624849974245,SL,True
Short,2025-09-03 05:55:00,3531.61,3538.4608996249754,6.8508996249753515,2025-09-03 11:05:00,3538.4608996249754,-1.0131369608265424,SL,True
Long,2025-09-03 16:00:00,3552.58,3545.980476324715,6.599523675284964,2025-09-03 18:30:00,3565.7790473505697,1.9863626521506124,TP4,False
Long,2025-09-04 03:55:00,3561.58,3556.5160821881636,5.063917811836478,2025-09-04 04:15:00,3556.5160821881636,-1.037520356186608,SL,True
Short,2025-09-04 05:45:00,3530.87,3538.7924947761817,7.922494776181832,2025-09-04 06:10:00,3515.0250104476363,1.9886399420204537,TP4,False
Long,2025-09-05 02:30:00,3547.47,3543.663741838659,3.8062581613408106,2025-09-05 03:00:00,3555.0825163226814,1.9632184696713482,TP4,False
Long,2025-09-05 04:55:00,3552.41,3547.6523190741227,4.757680925877202,2025-09-05 05:30:00,3547.6523190741227,-1.039935422942409,SL,True
Long,2025-09-05 12:15:00,3550.87,3546.6317831964047,4.238216803594987,2025-09-05 15:30:00,3559.3464336071897,1.9646077567639075,TP4,False
Long,2025-09-08 10:10:00,3604.62,3599.4514363943754,5.1685636056243744,2025-09-08 11:20:00,3614.9571272112485,1.9825870383210065,TP4,False
Long,2025-09-08 15:50:00,3623.99,3618.7798179129813,5.210182087018241,2025-09-08 16:45:00,3634.410364174036,1.9635329443718548,TP4,False
Long,2025-09-08 18:00:00,3644.31,3637.047368719163,7.26263128083705,2025-09-08 18:25:00,3637.047368719163,-1.012392202842162,SL,True
Long,2025-09-09 02:50:00,3635.19,3631.8004002879375,3.389599712062795,2025-09-09 04:15:00,3641.9691994241257,1.9468963844434564,TP4,False
Long,2025-09-09 04:25:00,3644.51,3638.9612407203604,5.548759279639762,2025-09-09 06:35:00,3643.41,-0.23248440506940024,REV,False
Short,2025-09-09 06:35:00,3643.41,3649.98181382636,6.571813826360254,2025-09-09 07:20:00,3649.98181382636,-1.0136948493030693,SL,True
Short,2025-09-09 19:00:00,3645.12,3655.045695872034,9.925695872033907,2025-09-10 01:00:00,3625.268608255932,1.9828727373685677,TP4,False
Short,2025-09-10 01:25:00,3624.09,3629.1135102342187,5.023510234218516,2025-09-10 01:40:00,3629.1135102342187,-1.0378221584392895,SL,True
Long,2025-09-10 02:10:00,3639.07,3633.691655994254,5.378344005746259,2025-09-10 02:55:00,3633.691655994254,-1.0167337752854726,SL,True
Short,2025-09-10 03:20:00,3628.2,3633.362441188686,5.1624411886858415,2025-09-10 05:05:00,3633.362441188686,-1.0368042933673622,SL,True
Short,2025-09-10 14:40:00,3649.08,3653.453526743532,4.373526743532192,2025-09-10 15:30:00,3653.453526743532,-1.0205783582170025,SL,True
Long,2025-09-11 04:20:00,3647.13,3643.300852180188,3.8291478198118614,2025-09-11 04:40:00,3643.300852180188,-1.047007848343933,SL,True
Short,2025-09-11 06:05:00,3632.29,3637.1197614131906,4.829761413190533,2025-09-11 09:45:00,3637.1197614131906,-1.0186344608564617,SL,True
Short,2025-09-11 12:00:00,3623.27,3628.3395047869476,5.069504786947432,2025-09-11 15:20:00,3624.43,-0.25446272450935375,REV,False
Long,2025-09-11 15:20:00,3624.43,3619.4585273917314,4.971472608268349,2025-09-11 15:30:00,3619.4585273917314,-1.018103287917222,SL,True
Short,2025-09-12 09:20:00,3650.75,3654.6193453617407,3.8693453617408307,2025-09-12 11:15:00,3643.011309276518,1.9689870019909834,TP4,False
Short,2025-09-12 12:35:00,3643.21,3648.7796160870116,5.569616087011784,2025-09-12 13:15:00,3648.7796160870116,-1.0323182059926093,SL,True
Short,2025-09-15 02:00:00,3639.98,3642.6778679414783,2.697867941478169,2025-09-15 03:35:00,3634.584264117044,1.9295740176607468,TP4,False
Short,2025-09-15 03:35:00,3633.84,3637.873278326847,4.03327832684673,2025-09-15 05:05:00,3637.873278326847,-1.0471080804752264,SL,True
Long,2025-09-15 05:05:00,3639.47,3634.223243833,5.246756166999729,2025-09-15 10:00:00,3634.223243833,-1.036212851131697,SL,True
Long,2025-09-15 16:35:00,3661.85,3655.813817487726,6.036182512273998,2025-09-15 17:00:00,3655.813817487726,-1.0149100859387663,SL,True
Long,2025-09-16 10:50:00,3688.31,3684.1272162530904,4.18278374690942,2025-09-16 11:15:00,3696.6755674938186,1.954575705679116,TP4,False
Long,2025-09-16 15:15:00,3695.55,3691.5096264944527,4.040373505547581,2025-09-16 15:25:00,3691.5096264944527,-1.044550336683656,SL,True
Short,2025-09-17 03:50:00,3691.62,3694.0397350584353,2.4197350584354456,2025-09-17 04:25:00,3686.780529883129,1.9214790068285943,TP4,False
Short,2025-09-17 09:40:00,3671.33,3675.681766370369,4.3517663703691625,2025-09-17 09:50:00,3675.681766370369,-1.0206812572965418,SL,True
Short,2025-09-17 10:25:00,3667.49,3673.2565114069216,5.76651140692195,2025-09-17 15:35:00,3673.2565114069216,-1.0156073566232529,SL,True
Long,2025-09-17 17:10:00,3683.99,3678.0335990465846,5.956400953415329,2025-09-17 21:00:00,3678.0335990465846,-1.0201463939278643,SL,True
Long,2025-09-17 21:00:00,3691.23,3681.3546936995185,9.875306300481416,2025-09-17 21:20:00,3681.3546936995185,-1.009113641365807,SL,True
Short,2025-09-18 09:00:00,3643.91,3649.399821844681,5.489821844681151,2025-09-18 10:20:00,3649.399821844681,-1.0327879492436152,SL,True
Long,2025-09-18 10:35:00,3652.73,3645.7262913682284,7.003708631771408,2025-09-18 12:00:00,3666.7374172635427,1.9742993306169891,TP4,False
Short,2025-09-19 03:05:00,3639.94,3642.685733616248,2.7457336162477284,2025-09-19 04:00:00,3642.685733616248,-1.0691982641272433,SL,True
Long,2025-09-19 04:00:00,3643.97,3640.169440040792,3.8005599592080332,2025-09-19 04:50:00,3640.169440040792,-1.0499926332012113,SL,True
Long,2025-09-19 06:20:00,3652.91,3647.3115301453026,5.598469854697022,2025-09-19 08:50:00,3651.87,-0.21791668646324924,REV,False
Short,2025-09-19 08:50:00,3651.87,3656.9801164945725,5.110116494572403,2025-09-19 10:50:00,3656.9801164945725,-1.0313104408030878,SL,True
Long,2025-09-19 16:10:00,3653.54,3647.668752854716,5.8712471452841655,2025-09-19 17:30:00,3665.282494290568,1.9846710591850243,TP4,False
Long,2025-09-19 18:10:00,3672.19,3665.174160884601,7.015839115399124,2025-09-22 01:00:00,3686.2216782307983,1.9743437674326145,TP4,False
Long,2025-09-22 01:10:00,3687.9,3684.5881475241563,3.311852475843866,2025-09-22 04:10:00,3694.5237049516877,1.972824876513503,TP4,False
Long,2025-09-22 04:30:00,3691.8,3686.1796823034324,5.62031769656766,2025-09-22 05:45:00,3686.1796823034324,-1.0249096238964606,SL,True
Long,2025-09-22 09:25:00,3706.31,3701.9193112412154,4.390688758784516,2025-09-22 09:40:00,3715.091377517569,1.9795020770215512,TP4,False
Long,2025-09-22 11:40:00,3722.13,3716.534980380225,5.595019619775168,2025-09-22 15:20:00,3716.534980380225,-1.028596861293275,SL,True
Long,2025-09-22 18:20:00,3729.45,3723.1464433427186,6.303556657281059,2025-09-22 20:30:00,3742.057113314562,1.9857223461462499,TP4,False
Long,2025-09-23 03:20:00,3746.45,3742.723716446133,3.7262835538667614,2025-09-23 04:05:00,3753.9025671077334,1.9463272193034193,TP4,False
Long,2025-09-23 04:40:00,3757.06,3750.797257471475,6.262742528524858,2025-09-23 05:00:00,3750.797257471475,-1.0191609345991113,SL,True
Long,2025-09-23 06:45:00,3746.42,3740.672293540374,5.747706459626131,2025-09-23 08:45:00,3757.9154129192525,1.984341580309986,TP4,False
Long,2025-09-23 10:10:00,3752.9,3747.660006704643,5.239993295357275,2025-09-23 11:30:00,3763.3799865907145,1.9656488110090387,TP4,False
Long,2025-09-23 12:00:00,3778.26,3771.771776906765,6.488223093235379,2025-09-23 17:15:00,3771.771776906765,-1.0138712862838786,SL,True
Short,2025-09-24 13:45:00,3760.89,3765.469758480409,4.57975848040905,2025-09-24 14:15:00,3765.469758480409,-1.0414869039083114,SL,True
Long,2025-09-24 14:35:00,3768.04,3763.4511587765915,4.588841223408306,2025-09-24 16:30:00,3763.4511587765915,-1.021791993911249,SL,True
Short,2025-09-24 17:20:00,3755.45,3763.5846947206605,8.134694720660843,2025-09-24 19:15:00,3739.180610558678,1.984019068389916,TP4,False
Short,2025-09-25 04:40:00,3738.35,3744.1708165677737,5.820816567773869,2025-09-25 09:10:00,3744.1708165677737,-1.0274875523282707,SL,True
Long,2025-09-25 10:35:00,3751.41,3745.855059575291,5.554940424709212,2025-09-25 14:00:00,3750.37,-0.20342252366443994,REV,False
Short,2025-09-25 14:00:00,3750.37,3756.602852141706,6.23285214170599,2025-09-25 15:35:00,3737.904295716588,1.969516363346933,TP4,False
Short,2025-09-25 18:20:00,3733.28,3743.4156674426395,10.135667442639322,2025-09-25 20:55:00,3743.4156674426395,-1.0167724524272346,SL,True
Long,2025-09-26 09:10:00,3751.54,3746.499203389065,5.040796610934995,2025-09-26 09:40:00,3746.499203389065,-1.0357086416876322,SL,True
Long,2025-09-26 17:00:00,3768.95,3759.75611072963,9.193889270369725,2025-09-29 01:00:00,3759.75611072963,-1.0119644686557727,SL,True
Short,2025-09-29 01:20:00,3766.87,3773.135874097745,6.265874097745019,2025-09-29 03:10:00,3773.135874097745,-1.0303229839980803,SL,True
Long,2025-09-29 08:55:00,3813.62,3805.5642149861956,8.055785013804334,2025-09-29 10:30:00,3810.33,-0.42950500715584305,REV,False
Short,2025-09-29 10:30:00,3810.33,3817.935034010151,7.605034010151047,2025-09-29 11:45:00,3817.935034010151,-1.024983451717162,SL,True
Short,2025-09-29 15:30:00,3814.19,3821.391921164463,7.2019211644626795,2025-09-29 16:20:00,3821.391921164463,-1.0194392574985427,SL,True
Long,2025-09-29 17:20:00,3823.66,3813.7704771396243,9.88952286037534,2025-09-30 04:00:00,3843.4390457207505,1.9817989196707135,TP4,False
Long,2025-09-30 04:20:00,3847.27,3840.8734686904627,6.396531309537442,2025-09-30 06:35:00,3860.063062619075,1.9781131376952543,TP4,False
Long,2025-09-30 06:40:00,3863.71,3857.6362868971787,6.073713102821178,2025-09-30 09:15:00,3862.77,-0.17287612737459404,REV,False
Short,2025-09-30 09:15:00,3862.77,3869.0300715891003,6.260071589100242,2025-09-30 09:30:00,3869.0300715891003,-1.028753664784521,SL,True
Short,2025-09-30 11:20:00,3829.33,3839.988835729223,10.658835729223057,2025-09-30 11:35:00,3808.012328541554,1.984988979653623,TP4,False
Short,2025-10-01 05:50:00,3860.71,3866.8473556453832,6.137355645382972,2025-10-01 08:00:00,3866.8473556453832,-1.0309579582768935,SL,True
Long,2025-10-01 10:50:00,3878.09,3870.636863459465,7.453136540535069,2025-10-01 11:15:00,3892.9962730810703,1.974507376999381,TP4,False
Short,2025-10-01 16:10:00,3865.64,3874.9012422594246,9.261242259424789,2025-10-01 16:30:00,3874.9012422594246,-1.0151167625333957,SL,True
Long,2025-10-01 17:30:00,3877.92,3868.711195697889,9.208804302111266,2025-10-01 17:45:00,3868.711195697889,-1.018460594277265,SL,True
Short,2025-10-01 18:15:00,3863.38,3875.4186266034826,12.038626603482504,2025-10-02 11:40:00,3875.4186266034826,-1.011629233517343,SL,True
Long,2025-10-02 11:45:00,3876.34,3870.292518550516,6.047481449483979,2025-10-02 15:05:00,3888.434962898968,1.9718891241882874,TP4,False
Long,2025-10-02 15:30:00,3885.03,3878.954298249224,6.075701750776311,2025-10-02 16:45:00,3878.954298249224,-1.0279803069626037,SL,True
Short,2025-10-02 17:30:00,3857.34,3867.8743448706236,10.534344870623709,2025-10-02 17:45:00,3836.2713102587527,1.9914565166505096,TP4,False
Long,2025-10-03 04:00:00,3859.33,3855.2571862569457,4.072813743054358,2025-10-03 04:10:00,3855.2571862569457,-1.0466507952453938,SL,True
Short,2025-10-03 06:15:00,3844.28,3850.5496452726597,6.269645272659705,2025-10-03 08:10:00,3850.5496452726597,-1.0303047448040452,SL,True
Short,2025-10-03 14:20:00,3859.36,3864.60445801945,5.244458019449764,2025-10-03 15:15:00,3864.60445801945,-1.036228719782914,SL,True
Long,2025-10-03 15:55:00,3873.77,3867.5948692555776,6.175130744422308,2025-10-03 16:40:00,3886.120261488845,1.9708508196101933,TP4,False
Long,2025-10-06 01:20:00,3891.86,3886.4731375983665,5.386862401633388,2025-10-06 01:55:00,3902.633724803267,1.9832926863005214,TP4,False
Long,2025-10-06 04:05:00,3905.62,3897.4508503371007,8.169149662898922,2025-10-06 05:00:00,3921.9582993257977,1.9767417653194779,TP4,False
Long,2025-10-06 08:45:00,3932.79,3924.6629070796753,8.127092920324817,2025-10-06 09:05:00,3924.6629070796753,-1.0233785932882227,SL,True
Long,2025-10-06 10:25:00,3932.46,3924.8531406030415,7.606859396958655,2025-10-06 11:05:00,3947.6737187939175,1.9868539702416688,TP4,False
Long,2025-10-07 02:00:00,3964.43,3956.4964783605947,7.933521639405172,2025-10-07 04:00:00,3959.41,-0.6567071014368103,REV,False
Short,2025-10-07 04:00:00,3959.41,3967.1068433481687,7.696843348168768,2025-10-07 06:10:00,3967.1068433481687,-1.016890041036239,SL,True
Short,2025-10-07 08:10:00,3965.3,3971.6120440214427,6.312044021442308,2025-10-07 10:00:00,3952.6759119571157,1.974651634326921,TP4,False
Long,2025-10-07 16:00:00,3981.58,3974.179667031365,7.4003329686347525,2025-10-07 16:35:00,3974.179667031365,-1.0189180676860587,SL,True
Long,2025-10-07 17:15:00,3976.65,3966.376477273692,10.273522726307807,2025-10-07 18:45:00,3966.376477273692,-1.0097337595549376,SL,True
Short,2025-10-07 18:45:00,3963.6,3974.836687953141,11.236687953140963,2025-10-07 19:05:00,3974.836687953141,-1.0080094775591637,SL,True
Short,2025-10-08 04:00:00,3987.05,3992.9412375794827,5.891237579482396,2025-10-08 04:25:00,3992.9412375794827,-1.0322512880250956,SL,True
Long,2025-10-08 05:10:00,4004.65,3997.696150580806,6.9538494191943965,2025-10-08 07:00:00,4018.5576988383887,1.9726770039805903,TP4,False
Long,2025-10-08 07:05:00,4019.08,4013.0374287810832,6.0425712189165175,2025-10-08 08:15:00,4031.165142437833,1.9735212057577045,TP4,False
Long,2025-10-08 15:25:00,4040.35,4032.8184871421213,7.531512857878819,2025-10-08 15:35:00,4032.8184871421213,-1.0132775448819946,SL,True
Short,2025-10-09 02:40:00,4010.31,4020.1077617908404,9.797761790840399,2025-10-09 03:15:00,4020.1077617908404,-1.0183715427913695,SL,True
Long,2025-10-09 15:50:00,4049.85,4042.700298874299,7.149701125701183,2025-10-09 16:35:00,4042.700298874299,-1.0125879387708079,SL,True
Short,2025-10-09 16:40:00,4031.21,4041.968545409096,10.758545409095662,2025-10-09 17:20:00,4009.692909181809,1.9916345568496676,TP4,False
Short,2025-10-09 19:30:00,3998.89,4012.346474552958,13.456474552958436,2025-10-09 19:50:00,3971.977050894083,1.9933117697621598,TP4,False
Short,2025-10-10 04:15:00,3978.76,3987.3262326262866,8.56623262628652,2025-10-10 06:45:00,3961.627534747427,1.9859915081419077,TP4,False
Short,2025-10-10 07:05:00,3955.1,3964.693076409194,9.593076409194158,2025-10-10 07:45:00,3964.693076409194,-1.0125090215986277,SL,True
Long,2025-10-10 12:40:00,4002.57,3993.164614020295,9.405385979705036,2025-10-10 13:00:00,3993.164614020295,-1.0116954264543008,SL,True
Long,2025-10-10 14:45:00,3994.7,3985.696980384467,9.003019615532532,2025-10-10 14:55:00,3985.696980384467,-1.0155503382174718,SL,True
Long,2025-10-10 18:20:00,4015.13,3999.6051331862286,15.524866813771467,2025-10-10 18:45:00,3999.6051331862286,-1.007085407000236,SL,True
Long,2025-10-13 01:10:00,4022.02,4005.9693072808577,16.05069271914229,2025-10-13 02:05:00,4054.1213854382845,1.9875394786069556,TP4,False
Long,2025-10-13 02:05:00,4059.97,4044.45084724427,15.519152755730136,2025-10-13 02:10:00,4044.45084724427,-1.0057992856579463,SL,True
Long,2025-10-13 17:50:00,4102.01,4093.896126814841,8.113873185159388,2025-10-13 18:05:00,4093.896126814841,-1.0209517694102999,SL,True
Long,2025-10-14 02:30:00,4126.27,4119.568826642288,6.70117335771299,2025-10-14 04:10:00,4139.672346715426,1.9791081363625407,TP4,False
Long,2025-10-14 04:10:00,4140.57,4130.8517377650605,9.718262234939628,2025-10-14 06:30:00,4160.006524469879,1.9907390850520144,TP4,False
Long,2025-10-14 08:05:00,4176.25,4166.97725629623,9.272743703770162,2025-10-14 08:35:00,4166.97725629623,-1.0140195830007852,SL,True
Long,2025-10-14 11:10:00,4140.9,4124.027177763062,16.8728222369374,2025-10-14 12:55:00,4124.027177763062,-1.0077046980152076,SL,True
Short,2025-10-15 03:25:00,4156.01,4164.303311840083,8.293311840082653,2025-10-15 03:35:00,4164.303311840083,-1.0180868635946863,SL,True
Long,2025-10-15 04:20:00,4182.43,4170.733480961606,11.696519038393973,2025-10-15 05:30:00,4170.733480961606,-1.0076945969741082,SL,True
Short,2025-10-15 05:30:00,4168.31,4178.880306636609,10.57030663660841,2025-10-15 06:00:00,4178.880306636609,-1.0160827879308103,SL,True
Short,2025-10-15 12:15:00,4192.02,4201.6516126560855,9.631612656085279,2025-10-15 12:20:00,4172.75677468783,1.988579274943023,TP4,False
Long,2025-10-16 15:30:00,4246.34,4238.4087265252565,7.9312734747433336,2025-10-16 15:35:00,4238.4087265252565,-1.0113474841444963,SL,True
Long,2025-10-16 17:00:00,4256.14,4242.28714529925,13.852854700750159,2025-10-16 19:15:00,4283.8457094015,1.9927812712859114,TP4,False
Long,2025-10-16 21:20:00,4291.42,4277.566756293444,13.853243706555926,2025-10-16 23:10:00,4319.126487413112,1.99350332659222,TP4,False
Long,2025-10-17 01:00:00,4337.47,4324.34678320787,13.12321679213009,2025-10-17 01:15:00,4363.716433584261,1.9885698756352501,TP4,False
Short,2025-10-17 04:00:00,4350.38,4367.983408909837,17.603408909836954,2025-10-17 04:35:00,4315.173182180326,1.9943192821054174,TP4,False
Short,2025-10-17 11:05:00,4322.93,4345.416109262839,22.486109262839175,2025-10-17 11:15:00,4345.416109262839,-1.0053366279865075,SL,True
Short,2025-10-17 14:30:00,4308.03,4325.613003206457,17.58300320645705,2025-10-17 16:35:00,4272.863993587086,1.9948814204863847,TP4,False
Short,2025-10-17 16:35:00,4281.57,4307.669887349678,26.099887349678085,2025-10-17 17:05:00,4229.370225300643,1.9965517092547638,TP4,False
Short,2025-10-20 09:25:00,4226.84,4239.896525585463,13.056525585462342,2025-10-20 09:35:00,4239.896525585463,-1.009190806483303,SL,True
Long,2025-10-20 15:30:00,4305.29,4292.393944523459,12.896055476540973,2025-10-20 17:00:00,4294.56,-0.8428933963391382,REV,False
Short,2025-10-20 17:00:00,4294.56,4311.838831772538,17.2788317725376,2025-10-20 17:10:00,4311.838831772538,-1.0052086854704265,SL,True
Long,2025-10-20 18:15:00,4354.79,4338.707812324131,16.082187675869474,2025-10-20 20:35:00,4338.707812324131,-1.0055962535578853,SL,True
Short,2025-10-20 23:15:00,4348.82,4360.945010675966,12.125010675966633,2025-10-20 23:25:00,4360.945010675966,-1.011546381586046,SL,True
Long,2025-10-21 01:45:00,4367.89,4353.983826564023,13.906173435977722,2025-10-21 04:20:00,4353.983826564023,-1.0115056813246581,SL,True
Long,2025-10-21 09:40:00,4337.45,4326.394657386402,11.055342613597565,2025-10-21 10:25:00,4326.394657386402,-1.017186260674208,SL,True
Short,2025-10-21 10:30:00,4301.77,4315.7055687099455,13.935568709945493,2025-10-21 11:00:00,4273.898862580109,1.9935417059846507,TP4,False
Short,2025-10-21 15:30:00,4218.17,4238.477549150383,20.30754915038349,2025-10-21 16:45:00,4177.554901699233,1.994583295148764,TP4,False
Short,2025-10-21 17:20:00,4152.99,4182.807904753137,29.817904753137498,2025-10-21 17:45:00,4093.3541904937247,1.9969816792713975,TP4,False
Short,2025-10-22 13:50:00,4034.4,4061.4657683823903,27.065768382390186,2025-10-22 16:00:00,4061.4657683823903,-1.0051725854600553,SL,True
Long,2025-10-22 16:00:00,4066.08,4038.849780392304,27.230219607695943,2025-10-22 17:30:00,4038.849780392304,-1.0033051514565958,SL,True
Long,2025-10-23 01:50:00,4098.78,4083.762923918981,15.017076081018635,2025-10-23 02:25:00,4083.762923918981,-1.0133181718545694,SL,True
Short,2025-10-23 10:35:00,4099.94,4114.410992520608,14.470992520607782,2025-10-23 11:05:00,4114.410992520608,-1.006219338436671,SL,True
Long,2025-10-23 16:15:00,4139.99,4126.848170637747,13.141829362253226,2025-10-23 19:45:00,4126.848170637747,-1.0121748651263978,SL,True
Long,2025-10-24 04:10:00,4142.9,4132.755330885146,10.144669114853707,2025-10-24 04:20:00,4132.755330885146,-1.0207005273038212,SL,True
Short,2025-10-24 09:00:00,4095.32,4105.624270648977,10.304270648976722,2025-10-24 10:50:00,4074.711458702047,1.991265757367395,TP4,False
Short,2025-10-24 10:50:00,4072.42,4084.514662906842,12.094662906842169,2025-10-24 11:25:00,4048.230674186316,1.9909050793025538,TP4,False
Long,2025-10-24 15:30:00,4090.41,4076.8271877075013,13.582812292498573,2025-10-24 15:35:00,4076.8271877075013,-1.006626021037612,SL,True
Short,2025-10-27 00:40:00,4080.38,4098.487746549519,18.1077465495191,2025-10-27 03:05:00,4094.23,-0.7714930160854786,REV,False
Long,2025-10-27 03:05:00,4094.23,4078.9100160070207,15.319983992979465,2025-10-27 04:00:00,4078.9100160070207,-1.0058746797673639,SL,True
Short,2025-10-27 10:50:00,4040.37,4051.1710847977993,10.801084797799211,2025-10-27 13:35:00,4018.7678304044016,1.9916675036179272,TP4,False
Short,2025-10-27 13:35:00,4016.36,4029.8720661315747,13.512066131574516,2025-10-27 13:45:00,4029.8720661315747,-1.0066607134041279,SL,True
Short,2025-10-27 15:40:00,4025.38,4041.250924572839,15.870924572838838,2025-10-27 16:15:00,3993.6381508543222,1.993699169853598,TP4,False
Short,2025-10-28 07:35:00,3960.14,3972.8918739113715,12.751873911371495,2025-10-28 09:20:00,3934.6362521772567,1.9843160306171603,TP4,False
Short,2025-10-28 10:15:00,3918.58,3932.102285192194,13.522285192194001,2025-10-28 11:05:00,3891.535429615612,1.9933443202298378,TP4,False
Long,2025-10-28 12:30:00,3913.25,3898.8556213995435,14.394378600456589,2025-10-28 16:00:00,3942.038757200913,1.990968696627449,TP4,False
Long,2025-10-29 02:40:00,3981.62,3968.8500476077656,12.76995239223413,2025-10-29 03:40:00,3968.8500476077656,-1.0164448537903574,SL,True
Long,2025-10-29 09:10:00,3995.19,3983.75941953875,11.430580461249765,2025-10-29 10:55:00,4018.0511609224995,1.9877521530534128,TP4,False
Long,2025-10-29 14:40:00,4025.91,4015.9182651924943,9.991734807505473,2025-10-29 15:00:00,4015.9182651924943,-1.0190157168560272,SL,True
Short,2025-10-29 17:45:00,3997.52,4008.3095062923157,10.789506292315917,2025-10-29 20:35:00,3975.940987415368,1.9916585617949965,TP4,False
Short,2025-10-29 20:35:00,3951.49,3969.8124581533075,18.322458153307597,2025-10-29 20:55:00,3969.8124581533075,-1.0049120046691913,SL,True
Short,2025-10-29 21:40:00,3928.97,3952.952121748831,23.982121748831055,2025-10-29 22:25:00,3952.952121748831,-1.0037527955592351,SL,True
Short,2025-10-30 00:00:00,3922.17,3941.4352808181848,19.26528081818484,2025-10-30 00:15:00,3941.4352808181848,-1.010381369567739,SL,True
Long,2025-10-30 08:55:00,3976.72,3961.592971629456,15.127028370543995,2025-10-30 09:25:00,3961.592971629456,-1.0112381623036404,SL,True
Short,2025-10-31 05:10:00,3994.11,4008.276798679499,14.16679867949856,2025-10-31 06:50:00,4008.276798679499,-1.0070587577520143,SL,True
Long,2025-10-31 09:45:00,4018.29,4007.053587724219,11.23641227578065,2025-10-31 10:50:00,4007.053587724219,-1.0088996378511061,SL,True
Short,2025-10-31 10:50:00,4007.6,4018.543448411813,10.943448411813499,2025-10-31 14:20:00,4018.543448411813,-1.010051676204827,SL,True
Short,2025-11-03 01:35:00,3987.21,3997.424286624728,10.214286624728256,2025-11-03 02:10:00,3966.7814267505437,1.9911888119741736,TP4,False
Long,2025-11-03 03:15:00,3993.33,3979.1159636690036,14.214036330996139,2025-11-03 09:00:00,4021.758072661992,1.9873364612409559,TP4,False
Short,2025-11-03 16:25:00,4010.19,4018.848892041965,8.658892041964908,2025-11-03 16:45:00,4018.848892041965,-1.0161683503295234,SL,True
Long,2025-11-03 17:40:00,4021.35,4008.354223439114,12.99577656088597,2025-11-03 17:55:00,4008.354223439114,-1.0069253268227887,SL,True
Short,2025-11-04 01:10:00,3988.15,3996.490770008263,8.340770008263123,2025-11-04 01:25:00,3996.490770008263,-1.014387160883348,SL,True
Short,2025-11-04 02:35:00,3984.24,3993.511486078687,9.271486078687099,2025-11-04 03:15:00,3993.511486078687,-1.009707181700579,SL,True
Short,2025-11-04 04:00:00,3978.57,3989.208879994465,10.638879994464729,2025-11-04 05:00:00,3989.208879994465,-1.0187989713300756,SL,True
Long,2025-11-04 05:30:00,3995.38,3985.3022494668326,10.077750533167375,2025-11-04 06:45:00,3985.3022494668326,-1.0089305643857691,SL,True
Short,2025-11-04 07:55:00,3973.45,3982.9404465430507,9.49044654305091,2025-11-04 08:50:00,3982.9404465430507,-1.0221275151856528,SL,True
Short,2025-11-04 16:00:00,3968.59,3978.72201884292,10.132018842919868,2025-11-04 16:30:00,3948.3259623141603,1.9881563583861943,TP4,False
Short,2025-11-04 17:45:00,3959.81,3975.711838053326,15.901838053326212,2025-11-04 18:20:00,3975.711838053326,-1.0094328718162604,SL,True
Short,2025-11-05 11:20:00,3966.99,3975.0456607901156,8.055660790115693,2025-11-05 15:20:00,3975.0456607901156,-1.0111722678430697,SL,True
Short,2025-11-06 17:00:00,3979.4,3990.2477950347525,10.847795034752258,2025-11-06 17:20:00,3990.2477950347525,-1.0156713875451653,SL,True
Short,2025-11-06 19:20:00,3967.54,3978.608782658024,11.068782658024139,2025-11-06 19:40:00,3978.608782658024,-1.009034417161278,SL,True
Long,2025-11-07 03:05:00,3996.39,3990.8995738987073,5.490426101292632,2025-11-07 05:05:00,3990.8995738987073,-1.0163921703597323,SL,True
Short,2025-11-07 05:05:00,3989.33,3996.393936953632,7.063936953632095,2025-11-07 06:20:00,3996.393936953632,-1.0297284646477438,SL,True
Long,2025-11-07 08:45:00,4003.89,3997.728939957789,6.161060042210782,2025-11-07 13:30:00,3997.728939957789,-1.0324619462608535,SL,True
Short,2025-11-07 17:05:00,3994.82,4005.500635612155,10.68063561215489,2025-11-07 18:05:00,3997.48,-0.26777432578498295,REV,False
Long,2025-11-07 18:05:00,3997.48,3987.94901375407,9.530986245929908,2025-11-07 18:30:00,4016.5419724918597,1.982163440842997,TP4,False
Long,2025-11-10 02:45:00,4022.38,4014.9128466146517,7.467153385348297,2025-11-10 03:20:00,4037.314306770697,1.98794721423878,TP4,False
Long,2025-11-10 11:15:00,4078.23,4069.810774719748,8.419225280251577,2025-11-10 14:20:00,4095.068450560503,1.9762448451796215,TP4,False
Short,2025-11-10 16:00:00,4088.13,4096.566357198581,8.436357198580081,2025-11-10 19:00:00,4096.566357198581,-1.0106681115891523,SL,True
Long,2025-11-11 03:30:00,4140.95,4133.732965963048,7.2170340369517545,2025-11-11 03:45:00,4133.732965963048,-1.0124704968189895,SL,True
Long,2025-11-11 05:10:00,4143.12,4135.437116675258,7.6828833247419395,2025-11-11 07:05:00,4135.437116675258,-1.0169207307341581,SL,True
Short,2025-11-11 16:45:00,4120.58,4130.77875189323,10.198751893230154,2025-11-11 17:25:00,4100.18249621354,1.9803897572865905,TP4,False
Short,2025-11-12 02:55:00,4133.02,4139.429519444314,6.4095194443138634,2025-11-12 04:50:00,4120.200961111373,1.9687964126269477,TP4,False
Short,2025-11-12 05:00:00,4119.95,4127.692986257645,7.742986257645477,2025-11-12 06:05:00,4104.464027484709,1.9741701724186227,TP4,False
Long,2025-11-12 08:25:00,4115.03,4107.592944980049,7.437055019950855,2025-11-12 10:25:00,4129.904110039902,1.973107634747467,TP4,False
Short,2025-11-13 12:55:00,4225.02,4234.007554895133,8.987554895131902,2025-11-13 14:05:00,4234.007554895133,-1.0222529934263502,SL,True
Short,2025-11-13 16:40:00,4188.02,4205.154344344991,17.13434434499051,2025-11-13 18:00:00,4205.154344344991,-1.0052526083395947,SL,True
Short,2025-11-14 08:25:00,4178.28,4187.887503968576,9.60750396857691,2025-11-14 09:25:00,4159.064992062846,1.9791829386015436,TP4,False
Short,2025-11-14 10:45:00,4178.13,4189.782374363323,11.65237436332247,2025-11-14 13:10:00,4154.825251273355,1.9914180580813807,TP4,False
Short,2025-11-14 13:50:00,4137.76,4150.457558088724,12.697558088724,2025-11-14 14:25:00,4112.364883822553,1.9881867049591495,TP4,False
Short,2025-11-14 15:10:00,4085.73,4103.596325990461,17.86632599046093,2025-11-14 15:35:00,4049.9973480190783,1.9932834540204711,TP4,False
Long,2025-11-14 16:55:00,4082.58,4058.0204194708585,24.559580529141265,2025-11-14 17:40:00,4073.51,-0.3737848856623241,REV,False
Short,2025-11-14 17:40:00,4073.51,4094.480766836744,20.970766836743817,2025-11-14 17:50:00,4094.480766836744,-1.0095370856753523,SL,True
Short,2025-11-17 08:40:00,4066.67,4078.012857003788,11.342857003788145,2025-11-17 09:25:00,4078.012857003788,-1.0176322420297814,SL,True
Short,2025-11-17 16:15:00,4067.38,4079.3509369912936,11.970936991293545,2025-11-17 16:35:00,4079.3509369912936,-1.008353564977632,SL,True
Short,2025-11-17 21:30:00,4037.88,4049.618311481991,11.738311481990717,2025-11-17 21:45:00,4014.403377036019,1.9821098630478222,TP4,False
Short,2025-11-18 04:15:00,4031.95,4044.0325079279187,12.082507927918792,2025-11-18 06:15:00,4007.784984144162,1.983447145146273,TP4,False
Long,2025-11-18 10:00:00,4018.69,4008.148684525698,10.541315474301689,2025-11-18 10:35:00,4039.7726309486034,1.983872980519888,TP4,False
Long,2025-11-18 15:30:00,4054.31,4043.168743391106,11.141256608893668,2025-11-18 16:15:00,4076.592513217787,1.98294626839055,TP4,False
Short,2025-11-18 18:00:00,4044.04,4060.246000417444,16.206000417444198,2025-11-18 18:15:00,4060.246000417444,-1.0055534985611272,SL,True
Long,2025-11-19 04:35:00,4071.77,4063.094877938713,8.675122061287041,2025-11-19 07:20:00,4089.120244122574,1.9850146200731813,TP4,False
Long,2025-11-19 07:30:00,4095.36,4086.738274139339,8.621725860661384,2025-11-19 09:05:00,4086.738274139339,-1.0104387452644992,SL,True
Short,2025-11-19 09:05:00,4087.05,4095.2053585834346,8.155358583434424,2025-11-19 09:40:00,4095.2053585834346,-1.0245237530580553,SL,True
Long,2025-11-19 16:00:00,4115.16,4104.971617920886,10.188382079114033,2025-11-19 16:30:00,4104.971617920886,-1.019630202170131,SL,True
Short,2025-11-20 10:00:00,4048.65,4060.2544931860225,11.604493186022559,2025-11-20 10:55:00,4060.2544931860225,-1.0137877628462542,SL,True
Long,2025-11-20 15:35:00,4092.77,4077.236704918839,15.533295081160633,2025-11-20 15:45:00,4077.236704918839,-1.009656676140921,SL,True
Long,2025-11-20 16:45:00,4102.93,4083.8874082139155,19.04259178608475,2025-11-20 17:05:00,4083.8874082139155,-1.0063016632057278,SL,True
Short,2025-11-21 04:15:00,4066.37,4076.5648782381186,10.194878238118555,2025-11-21 04:30:00,4076.5648782381186,-1.0196176938388863,SL,True
Short,2025-11-21 06:10:00,4055.28,4065.1752229551144,9.89522295511404,2025-11-21 08:25:00,4035.489554089772,1.9797882270154998,TP4,False
Long,2025-11-21 10:20:00,4039.22,4026.019777748196,13.200222251803904,2025-11-21 14:45:00,4065.620444503608,1.9840911769518808,TP4,False
Long,2025-11-21 16:45:00,4067.68,4055.038927376431,12.641072623568824,2025-11-21 18:50:00,4092.9621452471374,1.9833874856783487,TP4,False
Short,2025-11-24 07:45:00,4041.98,4050.372726571201,8.392726571200924,2025-11-24 08:00:00,4050.372726571201,-1.0238301579711022,SL,True
Long,2025-11-24 12:40:00,4070.35,4062.0941077156035,8.255892284396337,2025-11-24 16:35:00,4071.88,0.17320962419808997,REV,False
Short,2025-11-24 16:35:00,4071.88,4080.996715412451,9.116715412450853,2025-11-24 16:50:00,4080.996715412451,-1.0219377254802713,SL,True
Long,2025-11-24 20:35:00,4111.51,4103.283398223499,8.226601776501285,2025-11-24 22:30:00,4127.963203553003,1.9744730563475676,TP4,False
Long,2025-11-25 01:55:00,4143.87,4136.053228536426,7.816771463574011,2025-11-25 02:15:00,4136.053228536426,-1.0294239125541242,SL,True
Short,2025-11-25 03:15:00,4124.83,4134.051063344198,9.221063344198159,2025-11-25 03:35:00,4134.051063344198,-1.0216894725190135,SL,True
Long,2025-11-25 04:15:00,4145.66,4135.739352785916,9.920647214083823,2025-11-25 09:25:00,4135.739352785916,-1.0201599750181927,SL,True
Short,2025-11-25 10:30:00,4129.51,4137.7748541851215,8.264854185121067,2025-11-25 10:50:00,4112.980291629758,1.9770110886721273,TP4,False
Long,2025-11-26 03:35:00,4149.18,4142.291289195106,6.88871080489361,2025-11-26 04:25:00,4162.957421609787,1.9709669914059575,TP4,False
Long,2025-11-26 04:25:00,4162.5,4154.7944877257205,7.7055122742794895,2025-11-26 08:15:00,4154.7944877257205,-1.022062128246484,SL,True
Short,2025-11-26 08:30:00,4152.76,4159.643545219749,6.883545219748993,2025-11-26 09:50:00,4159.643545219749,-1.0305075354771522,SL,True
Short,2025-11-26 16:25:00,4142.04,4152.957672742511,10.91767274251117,2025-11-26 16:35:00,4152.957672742511,-1.0183189224220954,SL,True
Short,2025-11-27 11:10:00,4155.25,4161.331951925524,6.081951925523534,2025-11-27 13:40:00,4161.331951925524,-1.0328841796925259,SL,True
Long,2025-11-28 02:30:00,4180.11,4175.328778600895,4.7812213991047345,2025-11-28 03:00:00,4189.672442798209,1.981176357987309,TP4,False
Short,2025-11-28 05:15:00,4186.33,4191.975096201173,5.645096201173472,2025-11-28 07:05:00,4175.039807597653,1.9627995710762043,TP4,False
Short,2025-11-28 10:20:00,4157.99,4164.316758691758,6.3267586917579015,2025-11-28 10:30:00,4164.316758691758,-1.357212928469118,SL,True
Long,2025-11-28 12:05:00,4169.84,4160.002808620112,9.837191379888518,2025-11-28 16:10:00,4189.514382759778,1.9908510471613308,TP4,False
Long,2025-11-28 18:25:00,4209.56,4199.214978719983,10.345021280017036,2025-12-01 01:00:00,4230.250042560035,1.9893668657586734,TP4,False
Short,2025-12-01 01:05:00,4209.28,4219.00507835068,9.72507835068039,2025-12-01 01:20:00,4219.00507835068,-1.0092544241552508,SL,True
Long,2025-12-01 02:50:00,4233.04,4223.7376019642825,9.302398035717362,2025-12-01 03:05:00,4223.7376019642825,-1.0096749246435772,SL,True
Long,2025-12-01 03:50:00,4246.07,4233.815644544187,12.254355455812295,2025-12-01 05:10:00,4233.815644544187,-1.0081603639098518,SL,True
Short,2025-12-02 03:00:00,4216.04,4224.06761908779,8.027619087790292,2025-12-02 03:05:00,4199.984761824419,1.9738403133353215,TP4,False
Short,2025-12-02 10:40:00,4212.53,4219.671039189026,7.141039189025862,2025-12-02 11:25:00,4198.247921621948,1.9705925153970894,TP4,False
Long,2025-12-02 15:55:00,4212.29,4203.820316800635,8.469683199364686,2025-12-02 16:25:00,4229.229366398729,1.988193182950749,TP4,False
Short,2025-12-02 17:15:00,4197.98,4210.41626997571,12.436269975710452,2025-12-02 17:50:00,4173.107460048579,1.9831139079152742,TP4,False
Long,2025-12-03 04:00:00,4221.06,4213.350153389622,7.709846610378122,2025-12-03 07:35:00,4213.350153389622,-1.019455639986141,SL,True
Short,2025-12-03 11:05:00,4198.88,4205.621080391443,6.741080391442907,2025-12-03 13:30:00,4205.621080391443,-1.031152276460956,SL,True
Long,2025-12-03 15:15:00,4220.8,4213.983993060031,6.816006939969203,2025-12-03 15:50:00,4234.4320138799385,1.9706573068716688,TP4,False
Long,2025-12-03 16:30:00,4238.95,4226.320225613152,12.629774386848453,2025-12-03 16:45:00,4226.320225613152,-1.0118766967172317,SL,True
Short,2025-12-04 05:00:00,4194.21,4202.447476332175,8.237476332175074,2025-12-04 07:50:00,4177.73504733565,1.9745067552813576,TP4,False
Long,2025-12-04 16:45:00,4202.81,4191.900320210542,10.909679789457853,2025-12-04 17:05:00,4191.900320210542,-1.0192489609276314,SL,True
Long,2025-12-05 06:10:00,4213.68,4207.981662280966,5.698337719034164,2025-12-05 08:05:00,4225.076675438068,1.963147147404272,TP4,False
Long,2025-12-05 09:55:00,4224.39,4218.833749918107,5.556250081893324,2025-12-05 11:05:00,4218.833749918107,-1.016197975014342,SL,True
Short,2025-12-05 11:05:00,4218.63,4224.166489024682,5.53648902468151,2025-12-05 11:35:00,4224.166489024682,-1.037930175435056,SL,True
Long,2025-12-05 14:55:00,4228.73,4223.647620515967,5.082379484032924,2025-12-05 15:05:00,4223.647620515967,-1.0413192286525228,SL,True
Long,2025-12-05 15:50:00,4236.98,4228.978018821931,8.001981178068705,2025-12-05 16:35:00,4228.978018821931,-1.0112472146580962,SL,True
Long,2025-12-05 16:45:00,4242.45,4233.705964845713,8.7440351542868,2025-12-05 18:05:00,4233.705964845713,-1.0114363675620137,SL,True
Short,2025-12-05 18:05:00,4226.17,4238.604043977809,12.4340439778085,2025-12-05 18:20:00,4201.301912044383,1.983915128468492,TP4,False
Short,2025-12-08 01:10:00,4197.18,4206.860573931444,9.68057393144395,2025-12-08 02:05:00,4205.48,-0.8956080560304195,REV,False
Long,2025-12-08 02:05:00,4205.48,4196.78938823752,8.690611762479314,2025-12-08 16:45:00,4196.78938823752,-1.0241640066015556,SL,True
Short,2025-12-09 08:05:00,4174.54,4180.0493773974595,5.509377397459483,2025-12-09 08:30:00,4180.0493773974595,-1.0254112197985523,SL,True
Short,2025-12-09 09:10:00,4182.81,4188.419995148665,5.609995148665251,2025-12-09 10:00:00,4186.4,-0.6773624395920101,REV,False
Long,2025-12-09 10:00:00,4186.4,4180.569540817857,5.830459182142417,2025-12-09 11:00:00,4198.060918364285,1.9639822536374028,TP4,False
Long,2025-12-09 18:10:00,4218.42,4206.712376224787,11.70762377521331,2025-12-09 19:20:00,4206.712376224787,-1.0128121643537749,SL,True
Short,2025-12-09 19:30:00,4204.52,4214.375003748888,9.855003748888047,2025-12-09 21:55:00,4214.375003748888,-1.020294259149534,SL,True
Short,2025-12-10 10:40:00,4199.61,4204.79099722309,5.180997223089997,2025-12-10 12:30:00,4189.24800555382,1.9806986964682112,TP4,False
Long,2025-12-11 16:20:00,4230.72,4221.29941772381,9.420582276190274,2025-12-11 17:40:00,4249.56116455238,1.9957539779572369,TP4,False
Long,2025-12-11 17:40:00,4254.74,4242.814445645667,11.925554354333498,2025-12-11 18:50:00,4278.591108708667,1.9932917164583863,TP4,False
Long,2025-12-11 19:05:00,4280.67,4268.8838543345855,11.786145665414242,2025-12-11 20:55:00,4268.8838543345855,-1.0067876303476433,SL,True
Long,2025-12-12 09:30:00,4288.89,4283.753971047134,5.13602895286676,2025-12-12 10:35:00,4299.1620579057335,1.9844237638193796,TP4,False
Long,2025-12-12 11:00:00,4312.94,4306.044508315773,6.895491684226785,2025-12-12 12:40:00,4326.730983368453,1.9883982167387548,TP4,False
Long,2025-12-12 12:40:00,4328.02,4319.919237402031,8.100762597969128,2025-12-12 15:30:00,4344.221525195939,1.9901243865583707,TP4,False
Long,2025-12-12 15:35:00,4343.52,4334.439514792465,9.080485207535068,2025-12-12 15:45:00,4334.439514792465,-1.0088101019022446,SL,True
Short,2025-12-15 09:35:00,4336.05,4342.046084711973,5.9960847119725145,2025-12-15 10:05:00,4342.046084711973,-1.0133420396547344,SL,True
Short,2025-12-15 12:40:00,4338.61,4344.598281426527,5.988281426527027,2025-12-15 14:00:00,4344.598281426527,-1.0133594255684197,SL,True
Short,2025-12-15 16:10:00,4329.0,4337.636122545525,8.636122545525218,2025-12-15 17:25:00,4311.7277549089495,1.9907365835097661,TP4,False
Short,2025-12-15 18:00:00,4307.52,4322.692764207848,15.172764207847653,2025-12-16 07:30:00,4277.174471584305,1.9947273945008235,TP4,False
Short,2025-12-16 12:05:00,4278.16,4285.43029529498,7.270295294979882,2025-12-16 14:05:00,4285.43029529498,-1.0110036795968484,SL,True
Long,2025-12-16 15:30:00,4307.46,4299.663518622996,7.796481377004129,2025-12-16 16:15:00,4323.052962754008,1.9897389609322857,TP4,False
Long,2025-12-16 16:15:00,4326.4,4315.986480665404,10.413519334595566,2025-12-16 17:15:00,4315.986480665404,-1.007682321166314,SL,True
Short,2025-12-16 18:15:00,4306.17,4319.813069454312,13.643069454312275,2025-12-17 03:10:00,4319.813069454312,-1.005863783092799,SL,True
Long,2025-12-17 05:00:00,4318.45,4310.744441363146,7.705558636853767,2025-12-17 07:10:00,4333.861117273707,1.9896178844688324,TP4,False
Long,2025-12-17 07:35:00,4338.16,4330.936829899593,7.223170100406251,2025-12-17 08:20:00,4330.936829899593,-1.011075469480617,SL,True
Short,2025-12-17 08:35:00,4327.39,4334.678136617167,7.2881366171664475,2025-12-17 10:05:00,4312.8137267656675,1.9890232573561175,TP4,False
Short,2025-12-17 10:05:00,4311.52,4319.300432686364,7.780432686363154,2025-12-17 10:40:00,4319.300432686364,-1.0102822045026423,SL,True
Long,2025-12-17 15:30:00,4332.58,4325.074813415873,7.505186584126806,2025-12-17 16:15:00,4325.074813415873,-1.010659295289117,SL,True
Long,2025-12-17 16:30:00,4337.35,4325.920676966259,11.429323033741445,2025-12-17 17:50:00,4325.920676966259,-1.006999539672124,SL,True
Short,2025-12-18 11:35:00,4322.73,4328.175708748747,5.44570874874681,2025-12-18 13:05:00,4328.175708748747,-1.0146904661434135,SL,True
Short,2025-12-18 15:10:00,4316.42,4321.723837963768,5.3038379637684026,2025-12-18 15:15:00,4321.723837963768,-1.0150834170550398,SL,True
Long,2025-12-18 18:10:00,4362.3,4347.937651273838,14.362348726161638,2025-12-18 19:05:00,4347.937651273838,-1.0055701195901678,SL,True
Short,2025-12-19 03:20:00,4317.73,4324.719257404879,6.989257404878808,2025-12-19 04:00:00,4324.719257404879,-1.0114461373170167,SL,True
Short,2025-12-19 04:10:00,4324.21,4332.202658836232,7.992658836232705,2025-12-19 11:45:00,4332.202658836232,-1.0100091848831243,SL,True
Long,2025-12-22 03:35:00,4377.7,4368.843545097213,8.856454902787233,2025-12-22 06:05:00,4395.412909805575,1.9909670403250734,TP4,False
Short,2025-12-22 10:35:00,4407.62,4415.056325675922,7.436325675922552,2025-12-22 12:05:00,4415.056325675922,-1.0107580011266806,SL,True
Long,2025-12-22 15:25:00,4418.63,4410.683665166235,7.946334833765322,2025-12-22 17:10:00,4416.04,-0.3360039635700806,REV,False
Short,2025-12-22 17:10:00,4416.04,4427.478684253708,11.438684253707454,2025-12-22 17:40:00,4427.478684253708,-1.0069938113707835,SL,True
Long,2025-12-22 18:10:00,4438.06,4427.3565932823085,10.703406717691967,2025-12-23 02:05:00,4459.466813435384,1.9925257441756474,TP4,False
Long,2025-12-23 15:10:00,4494.51,4488.736094259279,5.773905740722053,2025-12-23 15:20:00,4488.736094259279,-1.013855439210815,SL,True
Short,2025-12-23 16:20:00,4464.36,4476.62220215139,12.262202151390305,2025-12-23 17:00:00,4439.835595697219,1.9934758863854671,TP4,False
Long,2025-12-24 02:05:00,4512.56,4504.066017951024,8.493982048976076,2025-12-24 04:05:00,4506.75,-0.6934321224178267,REV,False
Short,2025-12-24 04:05:00,4506.75,4517.724118439267,10.974118439267222,2025-12-24 04:55:00,4484.801763121465,1.9927101205948883,TP4,False
Short,2025-12-24 04:55:00,4477.43,4491.059032755209,13.62903275520894,2025-12-24 05:15:00,4491.059032755209,-1.005869822271081,SL,True
Short,2025-12-24 17:40:00,4453.17,4468.878755284503,15.708755284503255,2025-12-24 18:05:00,4468.878755284503,-1.005092701398112,SL,True
Long,2025-12-26 04:10:00,4506.41,4493.082265249596,13.327734750403526,2025-12-26 04:30:00,4493.082265249596,-1.0202585064196208,SL,True
Long,2025-12-26 15:55:00,4525.13,4516.0368970755,9.093102924500034,2025-12-26 16:45:00,4516.0368970755,-1.0087978768814647,SL,True
Long,2025-12-26 16:55:00,4521.07,4508.973519261214,12.096480738785061,2025-12-26 17:35:00,4545.26296147757,1.9933865062303895,TP4,False
Long,2025-12-26 17:45:00,4544.25,4532.200671414049,12.049328585950692,2025-12-26 18:50:00,4532.200671414049,-1.0066393740887525,SL,True
Short,2025-12-26 19:10:00,4526.25,4538.666954836168,12.416954836168145,2025-12-29 02:20:00,4501.416090327663,1.9935571965062937,TP4,False
Short,2025-12-29 08:35:00,4489.6,4502.131199604907,12.531199604906877,2025-12-29 09:00:00,4464.537600790187,1.9936159344258704,TP4,False
Short,2025-12-29 10:45:00,4461.22,4477.186623156837,15.966623156837004,2025-12-29 15:40:00,4429.286753686326,1.9949895479329685,TP4,False
Short,2025-12-29 15:40:00,4429.6,4444.064733024007,14.464733024006645,2025-12-29 16:00:00,4400.670533951987,1.9944693068398236,TP4,False
Short,2025-12-29 17:20:00,4315.91,4344.936634393414,29.026634393414888,2025-12-29 18:50:00,4344.936634393414,-1.0027560894217125,SL,True
Long,2025-12-29 18:50:00,4345.63,4324.168974261255,21.461025738745295,2025-12-29 19:25:00,4324.168974261255,-1.0037276876218986,SL,True
Short,2025-12-30 15:30:00,4384.36,4395.667364083356,11.307364083356047,2025-12-30 16:45:00,4361.745271833288,1.992924964703481,TP4,False
Short,2025-12-30 18:05:00,4356.01,4371.811354851334,15.801354851333958,2025-12-30 18:55:00,4371.811354851334,-1.0050628569988027,SL,True
Short,2025-12-31 01:25:00,4334.23,4344.397113070603,10.167113070603667,2025-12-31 02:40:00,4344.397113070603,-1.00786850696401,SL,True
Long,2025-12-31 03:00:00,4347.29,4335.522095912594,11.76790408740656,2025-12-31 03:45:00,4370.825808174813,1.993201848060095,TP4,False
Short,2025-12-31 04:55:00,4348.76,4362.066783781751,13.306783781751102,2025-12-31 07:40:00,4322.146432436498,1.9939880288646767,TP4,False
Short,2025-12-31 07:40:00,4324.87,4337.091053931853,12.221053931852955,2025-12-31 07:50:00,4300.427892136294,1.9934539197318035,TP4,False
Short,2025-12-31 22:45:00,4315.87,4326.407051690855,10.537051690854769,2026-01-02 01:00:00,4326.407051690855,-1.0227767697304437,SL,True
Long,2026-01-02 09:30:00,4378.92,4372.06016469412,6.859835305880026,2026-01-02 10:45:00,4392.63967061176,1.9883379124377396,TP4,False
Long,2026-01-02 10:45:00,4394.97,4387.9754529253205,6.994547074679338,2026-01-02 10:55:00,4387.9754529253205,-1.0114374811043914,SL,True
Long,2026-01-02 12:00:00,4387.88,4381.00513945694,6.874860543060216,2026-01-02 15:15:00,4401.62972108612,1.9883634003192983,TP4,False
Short,2026-01-02 17:00:00,4342.3,4357.2322442426,14.932244242600282,2026-01-02 20:15:00,4312.4355115148,1.9946424664169233,TP4,False
Long,2026-01-05 02:35:00,4395.21,4383.045747938164,12.164252061835729,2026-01-05 03:05:00,4419.538504123671,1.9934233523283267,TP4,False
Short,2026-01-05 14:45:00,4407.32,4415.985623647672,8.665623647671808,2026-01-05 15:00:00,4415.985623647672,-1.0092318802723044,SL,True
Long,2026-01-05 16:00:00,4422.51,4411.028798937549,11.48120106245052,2026-01-05 17:00:00,4445.472402124901,1.9930320878830647,TP4,False
Long,2026-01-05 17:00:00,4451.89,4437.1376361983375,14.752363801662739,2026-01-05 17:35:00,4437.1376361983375,-1.0054228597583148,SL,True
Short,2026-01-05 19:00:00,4433.57,4446.470996668366,12.900996668365725,2026-01-05 19:15:00,4446.470996668366,-1.0062010712859555,SL,True
Long,2026-01-06 16:50:00,4487.95,4476.565277698586,11.384722301413962,2026-01-06 17:15:00,4476.565277698586,-1.0070269610344122,SL,True
Short,2026-01-07 03:30:00,4466.84,4478.600052603099,11.760052603098968,2026-01-07 04:50:00,4478.600052603099,-1.0068026906596628,SL,True
Short,2026-01-07 04:55:00,4474.69,4484.660864061328,9.970864061327667,2026-01-07 07:30:00,4454.748271877344,1.991976623138363,TP4,False
Short,2026-01-07 13:55:00,4447.4,4455.256622263821,7.856622263821152,2026-01-07 15:05:00,4431.686755472358,1.9898175071533377,TP4,False
Short,2026-01-07 15:05:00,4430.01,4441.225681349147,11.215681349146099,2026-01-07 15:20:00,4441.225681349147,-1.0071328702653004,SL,True
Short,2026-01-08 07:40:00,4418.62,4427.440837144082,8.82083714408267,2026-01-08 07:55:00,4427.440837144082,-1.0090694339656139,SL,True
Long,2026-01-08 08:35:00,4434.84,4423.740498213827,11.09950178617344,2026-01-08 10:30:00,4423.740498213827,-1.0072075307109274,SL,True
Short,2026-01-08 10:35:00,4421.11,4430.693708657044,9.583708657044964,2026-01-08 10:55:00,4430.693708657044,-1.0083474991636752,SL,True
Long,2026-01-08 18:35:00,4463.08,4450.734164957936,12.345835042063754,2026-01-08 20:25:00,4450.734164957936,-1.0064799181041935,SL,True
Long,2026-01-09 17:05:00,4499.78,4484.263478310119,15.516521689880191,2026-01-09 19:55:00,4484.263478310119,-1.005155794681251,SL,True
Long,2026-01-12 02:15:00,4563.66,4552.465055540563,11.19494445943633,2026-01-12 02:35:00,4586.049888918873,1.9928539172043758,TP4,False
Long,2026-01-12 04:05:00,4568.14,4551.938797191257,16.201202808742675,2026-01-12 15:05:00,4600.542405617486,1.9950620950219575,TP4,False
Short,2026-01-13 01:10:00,4579.18,4589.583332446818,10.403332446817418,2026-01-13 01:30:00,4589.583332446818,-1.0076898436543174,SL,True
Short,2026-01-13 02:05:00,4592.63,4603.474039585386,10.844039585386042,2026-01-13 15:10:00,4603.474039585386,-1.007377324600294,SL,True
Long,2026-01-13 15:20:00,4605.42,4596.855773177818,8.564226822182118,2026-01-13 16:20:00,4622.548453644365,1.990658818167625,TP4,False
Long,2026-01-13 16:45:00,4633.75,4620.568409979251,13.181590020749665,2026-01-13 17:00:00,4620.568409979251,-1.0060690705653688,SL,True
Short,2026-01-14 07:55:00,4619.8,4629.318718225426,9.518718225425719,2026-01-14 08:10:00,4629.318718225426,-1.0084044929270404,SL,True
Short,2026-01-14 17:00:00,4605.6,4620.187607317615,14.587607317615094,2026-01-14 17:15:00,4620.187607317615,-1.0054841070408675,SL,True
Short,2026-01-14 18:30:00,4618.96,4632.301166692271,13.34116669227131,2026-01-14 20:30:00,4632.301166692271,-1.0059964770582006,SL,True
Long,2026-01-14 22:15:00,4636.76,4625.267838582358,11.49216141764172,2026-01-14 23:10:00,4625.267838582358,-1.0069612666488814,SL,True
Short,2026-01-15 01:15:00,4612.04,4623.3305608120745,11.290560812074322,2026-01-15 03:30:00,4589.458878375851,1.992914435223271,TP4,False
Short,2026-01-15 04:20:00,4608.94,4621.96345013794,13.023450137940461,2026-01-15 05:20:00,4582.893099724119,1.993857234515229,TP4,False
Short,2026-01-15 05:20:00,4587.34,4600.751803065124,13.411803065123861,2026-01-15 08:00:00,4600.751803065124,-1.0059648952203595,SL,True
Short,2026-01-15 16:40:00,4602.84,4615.026009470369,12.186009470368639,2026-01-15 17:00:00,4615.026009470369,-1.0065649054511843,SL,True
Short,2026-01-16 03:30:00,4602.1,4610.065636171309,7.965636171309001,2026-01-16 07:45:00,4610.065636171309,-1.010043140093171,SL,True
Short,2026-01-16 15:15:00,4587.46,4596.984029852643,9.52402985264329,2026-01-16 15:35:00,4596.984029852643,-1.0083998056744603,SL,True
Short,2026-01-16 18:45:00,4586.91,4607.4118545233705,20.50185452337107,2026-01-19 01:00:00,4607.4118545233705,-1.0039020860238947,SL,True
Long,2026-01-19 01:00:00,4648.99,4634.633347753559,14.356652246441168,2026-01-19 01:25:00,4677.703304492882,1.9686556453220811,TP4,False
Short,2026-01-19 03:20:00,4659.07,4675.877367605864,16.807367605863835,2026-01-19 04:05:00,4662.25,-0.1939625571623082,REV,False
Long,2026-01-19 04:05:00,4662.25,4647.643652575548,14.606347424452213,2026-01-20 02:25:00,4659.65,-0.18348187415519268,REV,False
Short,2026-01-20 02:25:00,4659.65,4665.333463116851,5.683463116851691,2026-01-20 02:30:00,4665.333463116851,-1.014075924899095,SL,True
Long,2026-01-20 07:55:00,4714.59,4706.079768161577,8.510231838422907,2026-01-20 08:40:00,4706.079768161577,-1.0094004489559558,SL,True
Long,2026-01-20 11:25:00,4733.27,4724.1469947287615,9.123005271238814,2026-01-20 12:30:00,4724.1469947287615,-1.0087690402034926,SL,True
Long,2026-01-20 16:10:00,4740.92,4728.476275554106,12.443724445894393,2026-01-20 17:20:00,4728.476275554106,-1.006428943388093,SL,True
Short,2026-01-20 17:25:00,4723.99,4739.699916136369,15.709916136369277,2026-01-20 18:10:00,4739.699916136369,-1.0050923250834516,SL,True
Long,2026-01-21 03:05:00,4795.78,4786.428022491261,9.35197750873847,2026-01-21 03:20:00,4814.483955017477,1.9914456594955041,TP4,False
Long,2026-01-21 03:50:00,4843.98,4827.461135729672,16.5188642703277,2026-01-21 04:10:00,4827.461135729672,-1.0048429479588294,SL,True
Short,2026-01-21 08:55:00,4847.68,4863.292876476113,15.612876476112444,2026-01-21 10:05:00,4863.292876476113,-1.0051239757210908,SL,True
Short,2026-01-21 18:10:00,4847.02,4870.818691298001,23.798691298000396,2026-01-21 21:35:00,4799.4226174039995,1.9966384706201634,TP4,False
Short,2026-01-22 11:35:00,4820.66,4830.219995305171,9.559995305171585,2026-01-22 12:50:00,4830.219995305171,-1.0083682049463567,SL,True
Long,2026-01-22 17:30:00,4863.58,4847.863545909571,15.71645409042901,2026-01-22 19:30:00,4895.012908180858,1.9949097932943736,TP4,False
Long,2026-01-22 19:40:00,4898.85,4884.058564200442,14.791435799558265,2026-01-22 22:15:00,4928.432871599117,1.9945914648798055,TP4,False
Long,2026-01-23 01:00:00,4952.22,4941.0185095585675,11.201490441432691,2026-01-23 01:15:00,4941.0185095585675,-1.039280487029881,SL,True
Long,2026-01-23 03:20:00,4948.17,4931.107010634181,17.06298936581918,2026-01-23 10:20:00,4931.107010634181,-1.0046885102184888,SL,True
Long,2026-01-23 12:25:00,4929.42,4917.22270337831,12.197296621689965,2026-01-23 13:05:00,4917.22270337831,-1.0065588304098225,SL,True
Long,2026-01-23 20:00:00,4978.91,4965.147924134522,13.762075865477211,2026-01-23 20:40:00,4965.147924134522,-1.0058130765142053,SL,True
Long,2026-01-26 09:00:00,5081.27,5062.31719447378,18.952805526220867,2026-01-26 15:30:00,5062.31719447378,-1.0042210109679675,SL,True
Short,2026-01-26 15:30:00,5063.24,5077.981524168604,14.741524168603785,2026-01-26 16:20:00,5077.981524168604,-1.0054268472571222,SL,True
Long,2026-01-26 16:30:00,5085.14,5069.865430870414,15.274569129587093,2026-01-26 18:35:00,5069.865430870414,-1.0052374636116397,SL,True
Short,2026-01-26 21:15:00,5040.42,5066.127330828504,25.707330828503462,2026-01-27 03:10:00,5066.127330828504,-1.0031119527940764,SL,True
Long,2026-01-27 09:30:00,5096.27,5083.004583291424,13.265416708576392,2026-01-27 10:00:00,5083.004583291424,-1.00603071895574,SL,True
Long,2026-01-27 22:50:00,5176.73,5153.75411265084,22.975887349158867,2026-01-28 03:45:00,5222.681774698317,1.9965180887778318,TP4,False
Short,2026-01-28 11:15:00,5277.96,5294.87511516673,16.915115166730384,2026-01-28 13:00:00,5244.12976966654,1.9952705021980717,TP4,False
Long,2026-01-28 22:00:00,5332.29,5305.225445631583,27.064554368416463,2026-01-28 22:40:00,5386.419108736833,1.9970441042955578,TP4,False
Long,2026-01-29 01:00:00,5440.83,5412.106034057932,28.723965942067558,2026-01-29 01:30:00,5498.277931884135,1.9892076184526404,TP4,False
Short,2026-01-29 03:05:00,5447.06,5504.29123998487,57.23123998487005,2026-01-29 03:20:00,5504.29123998487,-1.0013978379643846,SL,True
Short,2026-01-29 17:40:00,5121.54,5244.510189823717,122.97018982371722,2026-01-29 18:05:00,5244.510189823717,-1.0006505641742496,SL,True
Long,2026-01-29 19:25:00,5362.84,5285.710850997431,77.12914900256885,2026-01-29 22:00:00,5285.710850997431,-1.001037221349314,SL,True
Short,2026-01-30 04:10:00,5212.08,5272.8593979974485,60.77939799744844,2026-01-30 10:30:00,5090.521204005103,1.9986837645216038,TP4,False
Short,2026-01-30 10:30:00,5078.1,5134.02571232636,55.92571232636002,2026-01-30 11:45:00,4966.24857534728,1.9985695309604106,TP4,False
Short,2026-01-30 19:05:00,4930.64,4990.549361173625,59.90936117362469,2026-01-30 19:50:00,4810.821277652751,1.998664649423186,TP4,False
Short,2026-01-30 19:50:00,4813.21,4882.617314322154,69.40731432215404,2026-01-30 20:00:00,4882.617314322154,-1.0011526162736772,SL,True
Short,2026-02-02 03:05:00,4656.3,4740.336481719907,84.03648171990734,2026-02-02 03:35:00,4740.336481719907,-1.0009519675069964,SL,True
Short,2026-02-02 08:20:00,4449.94,4528.958445966058,79.01844596605844,2026-02-02 09:00:00,4528.958445966058,-1.0010124218341947,SL,True
Short,2026-02-02 15:20:00,4738.58,4793.600394072095,55.02039407209513,2026-02-02 16:40:00,4793.600394072095,-1.0014540063070958,SL,True
Short,2026-02-03 04:40:00,4755.63,4801.596924622673,45.96692462267334,2026-02-03 05:35:00,4801.596924622673,-1.0017403818214174,SL,True
Long,2026-02-03 18:35:00,4993.26,4964.225726382126,29.034273617874508,2026-02-03 18:50:00,4964.225726382126,-1.0027553642654512,SL,True
Long,2026-02-04 03:10:00,5051.05,5017.848889772922,33.20111022707763,2026-02-04 03:35:00,5017.848889772922,-1.0024095579772265,SL,True
Short,2026-02-04 13:15:00,5029.92,5049.760146253273,19.840146253273268,2026-02-04 13:55:00,5049.760146253273,-1.004032228340375,SL,True
Short,2026-02-04 17:30:00,4920.59,4967.805058886815,47.21505888681411,2026-02-04 23:35:00,4967.805058886815,-1.0016943746738105,SL,True
Short,2026-02-05 03:10:00,4967.67,4994.039269292952,26.369269292951856,2026-02-05 04:10:00,4914.931461414097,1.9969661654590587,TP4,False
Short,2026-02-05 04:45:00,4852.49,4899.397848472099,46.90784847209963,2026-02-05 07:45:00,4899.397848472099,-1.001705471527806,SL,True
Short,2026-02-05 14:40:00,4847.81,4880.934358432577,33.124358432576386,2026-02-05 18:45:00,4880.934358432577,-1.0024151411162596,SL,True
Short,2026-02-05 23:30:00,4767.72,4799.151603547658,31.431603547657666,2026-02-06 01:55:00,4704.856792904685,1.9974547910074438,TP4,False
Long,2026-02-06 04:05:00,4790.1,4742.694815513693,47.40518448630737,2026-02-06 07:50:00,4884.910368972615,1.998312420869854,TP4,False
Long,2026-02-06 15:20:00,4927.54,4904.373844024146,23.16615597585386,2026-02-06 16:20:00,4904.373844024146,-1.0034533135356412,SL,True
Long,2026-02-06 16:30:00,4929.13,4900.768986298975,28.361013701025442,2026-02-09 01:00:00,4985.852027402051,1.99717922635477,TP4,False
Long,2026-02-09 01:15:00,4988.21,4968.713094056623,19.496905943376674,2026-02-09 01:30:00,5027.203811886753,1.995896784842035,TP4,False
Short,2026-02-09 03:30:00,5002.61,5031.147694375513,28.537694375513468,2026-02-09 05:30:00,5031.147694375513,-1.0028033098591458,SL,True
Short,2026-02-09 12:25:00,4991.09,5009.165868324424,18.075868324423894,2026-02-09 13:40:00,5009.165868324424,-1.0044257901509466,SL,True
Long,2026-02-09 17:30:00,5053.84,5034.392168251333,19.447831748667458,2026-02-09 23:25:00,5055.21,0.06633130195032051,REV,False
Short,2026-02-09 23:25:00,5055.21,5068.475426589044,13.26542658904427,2026-02-10 01:00:00,5068.475426589044,-1.0060307144638667,SL,True
Long,2026-02-10 04:05:00,5044.97,5023.423076705819,21.54692329418141,2026-02-10 05:15:00,5023.423076705819,-1.0037128270662006,SL,True
Long,2026-02-10 11:05:00,5057.72,5042.360886284037,15.35911371596254,2026-02-10 11:55:00,5042.360886284037,-1.00520863387561,SL,True
Long,2026-02-11 02:20:00,5039.7,5026.441199062292,13.258800937707523,2026-02-11 09:10:00,5066.217601875415,1.9939662718842068,TP4,False
Long,2026-02-11 12:40:00,5100.09,5086.829575777404,13.260424222596267,2026-02-11 13:00:00,5086.829575777404,-1.0060329894924152,SL,True
Long,2026-02-11 14:20:00,5096.43,5079.3677889678975,17.062211032103164,2026-02-11 14:40:00,5079.3677889678975,-1.0046887240961406,SL,True
Short,2026-02-12 03:10:00,5049.72,5065.840320897443,16.120320897442667,2026-02-12 04:00:00,5065.840320897443,-1.0049626803653147,SL,True
Long,2026-02-12 04:00:00,5068.81,5053.105874289752,15.704125710248036,2026-02-12 06:00:00,5053.105874289752,-1.0050942027258494,SL,True
Short,2026-02-12 20:15:00,4908.08,4945.177074450905,37.09707445090494,2026-02-12 20:40:00,4945.177074450905,-1.0021565042846146,SL,True
Long,2026-02-13 02:05:00,4943.27,4919.6749996054605,23.595000394540104,2026-02-13 04:55:00,4990.46000078908,1.9966094512115886,TP4,False
Short,2026-02-13 13:20:00,4939.21,4957.048744746571,17.838744746571432,2026-02-13 14:00:00,4957.048744746571,-1.0044846204784157,SL,True
Long,2026-02-13 14:20:00,4971.25,4954.691181499232,16.558818500768567,2026-02-13 16:15:00,5004.367637001537,1.9951687374315936,TP4,False
Short,2026-02-16 01:00:00,5015.0,5028.979129755042,13.979129755041814,2026-02-16 01:15:00,5028.979129755042,-1.0221759154848853,SL,True
Short,2026-02-16 06:05:00,4976.89,4990.862404441606,13.97240444160537,2026-02-16 08:00:00,4990.862404441606,-1.0057255714529465,SL,True
Short,2026-02-16 12:35:00,5004.62,5014.023556113763,9.403556113763178,2026-02-16 16:40:00,4985.812887772474,1.9914925801438788,TP4,False
Short,2026-02-16 16:40:00,4988.83,4998.086785226766,9.256785226765928,2026-02-16 17:05:00,4970.3164295464685,1.9913576908137498,TP4,False
Long,2026-02-16 18:30:00,4987.64,4977.566185853681,10.073814146319126,2026-02-17 02:05:00,4977.566185853681,-1.0079413813713265,SL,True
Short,2026-02-17 02:20:00,4976.91,4987.0603930659845,10.150393065984236,2026-02-17 02:50:00,4956.6092138680315,1.9921185318164492,TP4,False
Short,2026-02-17 18:00:00,4877.4,4905.472586475307,28.072586475307272,2026-02-17 20:55:00,4905.472586475307,-1.0028497552254656,SL,True
Short,2026-02-18 12:40:00,4912.11,4921.8468309180025,9.736830918002475,2026-02-18 14:05:00,4921.8468309180025,-1.0082162256563851,SL,True
Long,2026-02-18 14:05:00,4924.08,4915.02480205277,9.055197947230251,2026-02-18 14:55:00,4942.19039589446,1.9911652952849563,TP4,False
Long,2026-02-18 17:00:00,5003.81,4986.550887049638,17.25911295036275,2026-02-18 20:30:00,4986.550887049638,-1.0046352324264816,SL,True
Short,2026-02-18 21:25:00,4978.69,4991.549453782446,12.859453782446877,2026-02-19 07:10:00,4991.549453782446,-1.0062211040494449,SL,True
Long,2026-02-19 10:05:00,5010.4,5002.954394561181,7.445605438818203,2026-02-19 11:25:00,5002.954394561181,-1.010744592989451,SL,True
Short,2026-02-19 11:25:00,5000.62,5009.691226016705,9.07122601670439,2026-02-19 12:30:00,4982.477547966591,1.9911809054417844,TP4,False
Short,2026-02-19 13:40:00,4982.59,4993.10965595464,10.519655954640301,2026-02-19 15:35:00,4993.10965595464,-1.0076048114448712,SL,True
Long,2026-02-19 15:35:00,4994.7,4981.849627541856,12.850372458144198,2026-02-19 16:05:00,4981.849627541856,-1.0062255004872869,SL,True
Long,2026-02-19 18:30:00,5003.2,4987.836061799351,15.363938200648276,2026-02-19 19:35:00,4987.836061799351,-1.0052069982940273,SL,True
Short,2026-02-20 09:55:00,5006.6,5016.349137403664,9.749137403663443,2026-02-20 10:05:00,5016.349137403664,-1.008205854188705,SL,True
Long,2026-02-20 10:50:00,5030.43,5019.969671682214,10.46032831778696,2026-02-20 12:10:00,5019.969671682214,-1.0076479435032328,SL,True
Long,2026-02-23 03:40:00,5166.11,5148.367516160081,17.742483839918275,2026-02-23 08:40:00,5148.367516160081,-1.0045089515493926,SL,True
Long,2026-02-23 16:30:00,5171.8,5160.673297476664,11.12670252333639,2026-02-23 16:45:00,5194.053405046673,1.9928100890778677,TP4,False
Long,2026-02-23 18:05:00,5196.95,5176.559543740149,20.390456259851206,2026-02-23 22:55:00,5237.7309125197025,1.99607659588485,TP4,False
Long,2026-02-24 01:00:00,5243.02,5232.023360072213,10.996639927787134,2026-02-24 02:00:00,5232.023360072213,-1.0418309595495467,SL,True
Short,2026-02-24 14:50:00,5146.94,5159.45759507015,12.517595070150575,2026-02-24 15:00:00,5159.45759507015,-1.0063910039869148,SL,True
Short,2026-02-24 15:35:00,5138.47,5153.539827181981,15.069827181980784,2026-02-24 16:00:00,5108.330345636039,1.9946913790692953,TP4,False
Short,2026-02-25 04:50:00,5175.99,5190.624778696187,14.634778696187263,2026-02-25 07:05:00,5190.624778696187,-1.0054664304572294,SL,True
Short,2026-02-25 13:15:00,5159.87,5170.856892536532,10.986892536531819,2026-02-25 13:30:00,5170.856892536532,-1.007281403702996,SL,True
Short,2026-02-25 22:45:00,5173.72,5188.445174787209,14.725174787209077,2026-02-26 02:20:00,5180.87,-0.4909958696232201,REV,False
Long,2026-02-26 02:20:00,5180.87,5163.120233592221,17.749766407779404,2026-02-26 13:50:00,5163.120233592221,-1.0045071015675262,SL,True
Long,2026-02-26 14:30:00,5183.0,5172.304122764626,10.695877235373828,2026-02-26 15:05:00,5172.304122764626,-1.0074795174102498,SL,True
Short,2026-02-27 12:00:00,5172.49,5180.73167186416,8.241671864159887,2026-02-27 12:25:00,5180.73167186416,-1.0097067683982668,SL,True
Short,2026-02-27 13:00:00,5175.98,5184.495401005201,8.515401005200843,2026-02-27 13:55:00,5184.495401005201,-1.0093947425319552,SL,True
Long,2026-02-27 18:00:00,5244.18,5224.275738579084,19.904261420916754,2026-02-27 18:20:00,5224.275738579084,-1.0040192398154362,SL,True
Short,2026-03-02 03:00:00,5329.39,5359.644341338986,30.254341338985636,2026-03-02 05:30:00,5359.644341338986,-1.0026442486089449,SL,True
Short,2026-03-02 10:55:00,5394.07,5411.103590146244,17.033590146244105,2026-03-02 15:30:00,5411.103590146244,-1.0046966023787742,SL,True
Long,2026-03-03 03:20:00,5378.21,5361.92459920014,16.285400799860028,2026-03-03 03:45:00,5361.92459920014,-1.0049123752607294,SL,True
Short,2026-03-03 08:10:00,5289.88,5315.239310339646,25.359310339646356,2026-03-03 08:20:00,5315.239310339646,-1.0031546599228547,SL,True
Short,2026-03-03 10:30:00,5303.7,5323.57380545865,19.87380545865049,2026-03-03 11:25:00,5263.952389082699,1.9959746008299124,TP4,False
Short,2026-03-03 11:25:00,5242.24,5271.545669203823,29.305669203823694,2026-03-03 11:50:00,5271.545669203823,-1.0027298472334285,SL,True
Short,2026-03-03 13:05:00,5170.9,5211.506617873244,40.60661787324449,2026-03-03 13:30:00,5089.686764253511,1.998029877783719,TP4,False
Short,2026-03-03 14:30:00,5199.59,5247.566340205648,47.976340205647446,2026-03-03 16:35:00,5103.637319588705,1.9983325114075559,TP4,False
Short,2026-03-03 16:40:00,5071.63,5122.4126426846115,50.78264268461151,2026-03-03 18:05:00,5122.4126426846115,-1.0015753414113693,SL,True
Short,2026-03-04 17:10:00,5134.48,5164.092353465954,29.612353465954733,2026-03-04 17:35:00,5164.092353465954,-1.0027015752088677,SL,True
Short,2026-03-05 08:05:00,5139.71,5154.8637365406075,15.153736540607474,2026-03-05 08:40:00,5154.8637365406075,-1.0052792260038075,SL,True
Short,2026-03-05 10:10:00,5141.91,5156.632983358699,14.722983358698528,2026-03-05 10:35:00,5156.632983358699,-1.005433681343742,SL,True
Short,2026-03-05 17:05:00,5070.52,5105.061160960151,34.54116096015018,2026-03-06 03:35:00,5105.061160960151,-1.0023160773343058,SL,True
Short,2026-03-06 11:10:00,5095.81,5108.154190767456,12.344190767455633,2026-03-06 13:20:00,5095.83,-0.008100976555155662,REV,False
Long,2026-03-06 13:20:00,5095.83,5081.449060539664,14.38093946033615,2026-03-06 13:40:00,5081.449060539664,-1.0055629189052888,SL,True
Short,2026-03-06 14:25:00,5088.63,5103.720044426965,15.090044426964512,2026-03-06 15:30:00,5103.720044426965,-1.0053015085798642,SL,True
Long,2026-03-06 17:20:00,5166.11,5135.131604084171,30.97839591582864,2026-03-06 17:50:00,5135.131604084171,-1.0025824448824672,SL,True
Short,2026-03-06 18:35:00,5130.21,5154.6695707385215,24.459570738521773,2026-03-06 20:35:00,5154.6695707385215,-1.0032707033518677,SL,True
Short,2026-03-09 01:00:00,5117.65,5136.097778426916,18.44777842691635,2026-03-09 01:35:00,5080.7544431461665,1.9761488895943373,TP4,False
Long,2026-03-09 03:20:00,5084.64,5050.998450755066,33.64154924493397,2026-03-10 01:00:00,5151.923098489869,1.9976219882319568,TP4,False
Long,2026-03-10 03:15:00,5150.72,5134.11633087505,16.603669124950045,2026-03-10 03:55:00,5183.9273382499005,1.995181787868823,TP4,False
Long,2026-03-10 10:35:00,5190.53,5179.360313389602,11.169686610397678,2026-03-10 12:00:00,5179.360313389602,-1.007162242128208,SL,True
Long,2026-03-10 16:15:00,5212.41,5192.543588119786,19.866411880213665,2026-03-10 20:15:00,5192.543588119786,-1.0040268972818138,SL,True
Short,2026-03-11 04:00:00,5202.35,5214.933736393809,12.583736393808735,2026-03-11 04:50:00,5214.933736393809,-1.0063574122579046,SL,True
Short,2026-03-11 09:35:00,5186.79,5196.888100382682,10.09810038268213,2026-03-11 09:50:00,5196.888100382682,-1.0079222821093108,SL,True
Short,2026-03-11 10:20:00,5186.84,5197.690382203851,10.850382203850904,2026-03-11 15:00:00,5165.139235592298,1.9926269878335408,TP4,False
Short,2026-03-11 15:45:00,5159.94,5176.058162769262,16.11816276926215,2026-03-11 15:55:00,5176.058162769262,-1.0049633448393145,SL,True
Short,2026-03-12 00:50:00,5156.22,5167.609762148653,11.389762148652629,2026-03-12 00:55:00,5133.440475702695,1.9885862410203694,TP4,False
Long,2026-03-12 09:40:00,5178.88,5169.621058137216,9.258941862784308,2026-03-12 14:05:00,5169.621058137216,-1.0086402961791194,SL,True
Short,2026-03-12 17:00:00,5131.97,5149.125032884056,17.15503288405541,2026-03-12 20:45:00,5097.65993423189,1.995336645488189,TP4,False
Short,2026-03-13 08:20:00,5096.56,5106.160409108267,9.600409108266378,2026-03-13 09:15:00,5077.359181783468,1.9916670217802366,TP4,False
Short,2026-03-13 09:15:00,5078.19,5090.400578910878,12.210578910878011,2026-03-13 09:30:00,5090.400578910878,-1.0065516959174583,SL,True
Short,2026-03-13 10:00:00,5068.42,5081.849301651729,13.429301651728542,2026-03-13 10:35:00,5081.849301651729,-1.0059571228701774,SL,True
Short,2026-03-13 10:50:00,5082.12,5096.42229243074,14.302292430739328,2026-03-13 11:05:00,5096.42229243074,-1.005593508899906,SL,True
Short,2026-03-13 15:30:00,5102.11,5114.5403679309275,12.43036793092791,2026-03-13 15:45:00,5114.5403679309275,-1.0064358513315468,SL,True
Short,2026-03-13 16:50:00,5064.4,5081.495873422511,17.095873422511794,2026-03-13 18:00:00,5030.208253154976,1.9953205081704413,TP4,False
Long,2026-03-13 19:15:00,5061.35,5042.580012519174,18.769987480826707,2026-03-13 20:10:00,5042.580012519174,-1.0042621232476472,SL,True
Short,2026-03-16 01:00:00,5006.09,5023.151341735528,17.061341735528245,2026-03-16 01:20:00,4971.967316528943,1.9830025091522736,TP4,False
Short,2026-03-16 16:30:00,5010.93,5026.178145861189,15.248145861188249,2026-03-16 18:25:00,4980.433708277624,1.9947534604713109,TP4,False
Short,2026-03-16 18:25:00,4979.82,4995.225371274667,15.405371274667099,2026-03-16 19:00:00,4995.225371274667,-1.0051929939612483,SL,True
Short,2026-03-17 07:50:00,5026.77,5035.651258064006,8.881258064004765,2026-03-17 08:05:00,5009.007483871991,1.990992267151382,TP4,False
Long,2026-03-17 09:30:00,5024.34,5013.5044379976625,10.835562002337648,2026-03-17 11:10:00,5013.5044379976625,-1.0073830965096877,SL,True
Short,2026-03-17 12:35:00,4999.01,5009.780758925191,10.77075892519047,2026-03-17 13:15:00,5009.780758925191,-1.0194972333387582,SL,True
Long,2026-03-18 07:35:00,4997.35,4988.686463689517,8.663536310483668,2026-03-18 08:35:00,5014.677072620968,1.9907658954573815,TP4,False
Short,2026-03-18 12:50:00,4972.86,4983.718957699868,10.858957699868334,2026-03-18 13:05:00,4951.142084600263,1.992632810421492,TP4,False
Short,2026-03-18 13:40:00,4939.15,4957.300947767253,18.15094776725365,2026-03-18 14:15:00,4902.848104465493,1.9955925166538842,TP4,False
Short,2026-03-18 22:10:00,4825.8,4845.214109402185,19.41410940218516,2026-03-19 00:45:00,4833.64,-0.40795072469864146,REV,False
Long,2026-03-19 00:45:00,4833.64,4813.033638228457,20.60636177154333,2026-03-19 08:15:00,4821.96,-0.5711828284143905,REV,False
Short,2026-03-19 08:15:00,4821.96,4835.022398458686,13.062398458686753,2026-03-19 08:35:00,4795.835203082626,1.9938755504777466,TP4,False
Short,2026-03-19 10:05:00,4715.12,4744.487104422016,29.367104422016773,2026-03-19 13:50:00,4656.385791155966,1.99727586353594,TP4,False
Short,2026-03-19 14:40:00,4563.41,4597.721049196547,34.31104919654721,2026-03-19 15:50:00,4597.721049196547,-1.0023316104250177,SL,True
Long,2026-03-20 05:00:00,4707.18,4687.124031150519,20.05596884948099,2026-03-20 07:55:00,4687.124031150519,-1.0039888374678263,SL,True
Short,2026-03-20 12:00:00,4653.09,4673.7912338528495,20.7012338528491,2026-03-20 13:40:00,4673.7912338528495,-1.0038645039502907,SL,True
Short,2026-03-20 13:45:00,4665.5,4685.570340927058,20.070340927058545,2026-03-20 14:05:00,4685.570340927058,-1.0039859811196215,SL,True
Short,2026-03-20 15:50:00,4621.97,4649.869907217072,27.899907217072254,2026-03-20 16:15:00,4566.170185565856,1.9971326069517887,TP4,False
Long,2026-03-20 18:10:00,4588.3,4555.806142603626,32.49385739637416,2026-03-20 19:35:00,4555.806142603626,-1.0024620037881165,SL,True
Long,2026-03-23 00:20:00,4527.93,4495.553260265252,32.37673973474835,2026-03-23 00:55:00,4495.553260265252,-1.0058684105180618,SL,True
Short,2026-03-23 01:45:00,4462.94,4492.692761936506,29.752761936506154,2026-03-23 02:30:00,4403.434476126988,1.9973111739955074,TP4,False
Short,2026-03-23 02:30:00,4401.07,4440.882744211936,39.81274421193623,2026-03-23 02:50:00,4321.444511576127,1.9979905931735282,TP4,False
Short,2026-03-23 03:45:00,4412.87,4465.268637741231,52.39863774123143,2026-03-23 07:50:00,4308.072724517537,1.9984732427511809,TP4,False
Short,2026-03-23 08:25:00,4244.01,4281.083327437589,37.07332743758916,2026-03-23 08:45:00,4169.8633451248215,1.99784211438441,TP4,False
Short,2026-03-23 09:10:00,4130.4,4187.170369574185,56.77036957418582,2026-03-23 09:35:00,4187.170369574185,-1.0014091858235186,SL,True
Short,2026-03-23 10:15:00,4219.74,4283.476371156755,63.73637115675529,2026-03-23 11:15:00,4283.476371156755,-1.0012551702983368,SL,True
Long,2026-03-23 11:15:00,4288.92,4236.636804109137,52.28319589086258,2026-03-23 11:40:00,4236.636804109137,-1.0015301283450075,SL,True
Long,2026-03-23 14:45:00,4461.13,4396.823212581116,64.30678741888337,2026-03-23 17:45:00,4396.823212581116,-1.001244036643896,SL,True
Long,2026-03-24 09:10:00,4424.61,4396.336374443956,28.273625556043648,2026-03-24 10:20:00,4396.336374443956,-1.0028294920947343,SL,True
Long,2026-03-24 13:30:00,4427.65,4399.501794105142,28.14820589485815,2026-03-24 13:50:00,4399.501794105142,-1.002842099432496,SL,True
Long,2026-03-25 01:35:00,4545.78,4519.663530765116,26.116469234884057,2026-03-25 03:50:00,4598.0129384697675,1.9969367987961597,TP4,False
Short,2026-03-26 08:10:00,4421.12,4445.414220512693,24.294220512692828,2026-03-26 08:40:00,4445.414220512693,-1.0032929642652342,SL,True
Short,2026-03-26 10:20:00,4432.19,4454.141912110607,21.951912110608,2026-03-26 13:20:00,4454.141912110607,-1.0036443294596227,SL,True
Long,2026-03-27 09:05:00,4455.75,4440.432574314234,15.317425685765917,2026-03-27 09:50:00,4443.81,-0.7847271628136229,REV,False
Short,2026-03-27 09:50:00,4443.81,4457.337725942995,13.5277259429952,2026-03-27 12:40:00,4416.75454811401,1.9940862196398192,TP4,False
Short,2026-03-27 13:55:00,4420.32,4433.617848853271,13.29784885327197,2026-03-27 14:15:00,4433.617848853271,-1.006016010625663,SL,True
Long,2026-03-27 16:50:00,4489.23,4464.125437227472,25.10456277252753,2026-03-27 17:20:00,4539.439125545055,1.9968133282891678,TP4,False
Short,2026-03-30 02:30:00,4459.2,4483.446273414888,24.246273414888094,2026-03-30 05:40:00,4483.446273414888,-1.0032994761145964,SL,True
Short,2026-03-30 10:30:00,4517.36,4533.438650754037,16.078650754037177,2026-03-30 11:05:00,4533.438650754037,-1.0049755418675106,SL,True
Long,2026-03-31 04:15:00,4569.09,4545.297566340085,23.79243365991516,2026-03-31 04:40:00,4616.674867319831,1.9966375865057286,TP4,False
Long,2026-03-31 17:10:00,4615.24,4592.71492144439,22.525078555609728,2026-03-31 20:35:00,4660.290157111219,1.9964484030631502,TP4,False
Long,2026-04-01 04:25:00,4708.27,4687.205458105369,21.064541894631663,2026-04-01 04:35:00,4687.205458105369,-1.0037978514035568,SL,True
Long,2026-04-01 09:20:00,4709.09,4695.123895060824,13.966104939176054,2026-04-01 10:35:00,4737.022209878352,1.9942718459908315,TP4,False
Long,2026-04-02 02:05:00,4787.5,4772.291730541332,15.208269458667598,2026-04-02 04:00:00,4772.291730541332,-1.0052602960657524,SL,True
Long,2026-04-02 10:30:00,4631.98,4606.313457511209,25.666542488790444,2026-04-02 13:20:00,4606.313457511209,-1.0031168981967507,SL,True
Short,2026-04-02 16:10:00,4587.53,4611.258904970611,23.728904970611612,2026-04-02 16:45:00,4611.258904970611,-1.003371415583606,SL,True
Short,2026-04-06 02:40:00,4607.07,4631.175274812252,24.10527481225244,2026-04-06 04:00:00,4631.175274812252,-1.0033187756880038,SL,True
Short,2026-04-06 16:40:00,4665.69,4682.014355206291,16.324355206291145,2026-04-06 17:00:00,4682.014355206291,-1.0049006529807285,SL,True
Short,2026-04-07 17:00:00,4624.41,4645.31735560332,20.907355603319722,2026-04-07 17:20:00,4645.31735560332,-1.0038264045208822,SL,True
Long,2026-04-07 22:45:00,4705.95,4685.48181725616,20.468182743839886,2026-04-08 01:00:00,4746.8863654876795,1.9960914947359396,TP4,False
Long,2026-04-08 01:35:00,4775.44,4744.575269456787,30.86473054321205,2026-04-08 03:00:00,4837.169461086423,1.9974080447620182,TP4,False
Short,2026-04-08 10:00:00,4812.96,4827.701037197163,14.741037197163017,2026-04-08 12:40:00,4783.477925605674,1.9945729734665494,TP4,False
Short,2026-04-08 12:40:00,4782.56,4798.791028501704,16.231028501704145,2026-04-08 14:45:00,4796.27,-0.8496072814210253,REV,False
Long,2026-04-08 14:45:00,4796.27,4781.131246136796,15.138753863204698,2026-04-08 15:20:00,4781.131246136796,-1.0052844508023921,SL,True
Short,2026-04-08 17:55:00,4736.35,4761.433072134541,25.083072134541307,2026-04-08 18:40:00,4761.433072134541,-1.0031894019827627,SL,True
Long,2026-04-09 16:35:00,4770.48,4757.152949675422,13.327050324577312,2026-04-09 17:30:00,4757.152949675422,-1.0060028286869125,SL,True
Long,2026-04-09 17:45:00,4761.59,4743.796008405089,17.793991594910835,2026-04-09 18:35:00,4797.177983189822,1.995504100382814,TP4,False
Long,2026-04-10 04:30:00,4771.34,4760.286958781741,11.053041218259157,2026-04-10 05:00:00,4760.286958781741,-1.0072378269853484,SL,True
Short,2026-04-10 09:45:00,4743.8,4753.444071317536,9.644071317535772,2026-04-10 10:20:00,4753.444071317536,-1.008295251804589,SL,True
Short,2026-04-10 11:40:00,4742.33,4752.067955585212,9.737955585211754,2026-04-10 12:15:00,4752.067955585212,-1.0082152767385675,SL,True
Long,2026-04-10 15:30:00,4780.34,4768.6645202018435,11.675479798156944,2026-04-10 15:45:00,4768.6645202018435,-1.0068519668041662,SL,True
Long,2026-04-10 16:45:00,4773.54,4758.438957008554,15.101042991445723,2026-04-10 18:35:00,4758.438957008554,-1.005297647324457,SL,True
Short,2026-04-10 18:35:00,4760.55,4777.574189573012,17.02418957301135,2026-04-13 01:00:00,4726.501620853977,1.995300804208227,TP4,False
Long,2026-04-13 02:55:00,4671.35,4652.134335403682,19.215664596318426,2026-04-13 04:10:00,4709.781329192637,1.9958367299970599,TP4,False
Long,2026-04-13 10:00:00,4737.38,4726.671790403008,10.70820959699176,2026-04-13 10:10:00,4726.671790403008,-1.0074709034479938,SL,True
Long,2026-04-13 10:45:00,4738.9,4728.144549055113,10.755450944886325,2026-04-13 11:40:00,4728.144549055113,-1.0074380888732652,SL,True
Short,2026-04-13 11:40:00,4721.44,4732.050458367736,10.610458367736427,2026-04-13 16:10:00,4732.050458367736,-1.007539730822839,SL,True
Long,2026-04-14 17:30:00,4813.62,4797.375406397543,16.244593602457158,2026-04-14 17:45:00,4797.375406397543,-1.0049247153827017,SL,True
Short,2026-04-15 10:00:00,4808.82,4819.379581552391,10.5595815523914,2026-04-15 11:55:00,4819.379581552391,-1.007576057782481,SL,True
Short,2026-04-15 12:25:00,4798.0,4810.234853118593,12.234853118592342,2026-04-15 14:45:00,4810.234853118593,-1.006538697214,SL,True
Long,2026-04-15 17:40:00,4819.3,4807.877354719096,11.422645280903954,2026-04-15 18:05:00,4807.877354719096,-1.0070036316486297,SL,True
Short,2026-04-16 04:35:00,4813.02,4822.554259318004,9.53425931800435,2026-04-16 05:05:00,4822.554259318004,-1.0083907933832377,SL,True
Short,2026-04-16 19:40:00,4790.18,4803.879168718266,13.699168718265033,2026-04-17 07:55:00,4803.879168718266,-1.0058397704010797,SL,True
Short,2026-04-17 10:45:00,4780.07,4789.215665938053,9.145665938052954,2026-04-17 11:00:00,4789.215665938053,-1.0087473127207751,SL,True
Long,2026-04-17 15:20:00,4812.27,4802.60719481735,9.662805182650057,2026-04-17 15:45:00,4831.595610365301,1.9917208307020904,TP4,False
Long,2026-04-17 16:05:00,4862.97,4846.426040572668,16.543959427332485,2026-04-17 18:40:00,4858.64,-0.2665625492718575,REV,False
Short,2026-04-17 18:40:00,4858.64,4878.471757796609,19.831757796608763,2026-04-20 01:00:00,4818.976484406783,1.9959660661036307,TP4,False
Long,2026-04-20 04:00:00,4787.67,4771.53315042766,16.136849572339894,2026-04-20 15:20:00,4819.94369914468,1.9950424028159177,TP4,False
Long,2026-04-20 16:25:00,4824.44,4812.076611004967,12.363388995032023,2026-04-20 17:00:00,4812.076611004967,-1.0064707176998604,SL,True
Short,2026-04-20 17:50:00,4808.96,4824.177085190553,15.217085190553078,2026-04-21 01:00:00,4824.177085190553,-1.0052572486122109,SL,True
Short,2026-04-21 05:00:00,4807.13,4815.221125072288,8.091125072287738,2026-04-21 07:30:00,4790.947749855424,1.9901126234874764,TP4,False
Short,2026-04-21 08:45:00,4790.72,4798.2661260253235,7.546126025323254,2026-04-21 09:00:00,4775.627747949354,1.9893985337997868,TP4,False
Long,2026-04-21 10:45:00,4790.46,4780.772364560436,9.687635439564547,2026-04-21 11:05:00,4780.772364560436,-1.008257949062906,SL,True
Short,2026-04-21 17:40:00,4744.88,4761.361907008647,16.481907008647198,2026-04-21 19:50:00,4711.916185982705,1.9951461927337812,TP4,False
Short,2026-04-21 22:40:00,4671.61,4688.976803578436,17.366803578436773,2026-04-22 01:00:00,4688.976803578436,-1.0046064895960047,SL,True
Long,2026-04-23 03:25:00,4741.58,4726.558606710316,15.02139328968416,2026-04-23 04:30:00,4726.558606710316,-1.0053257376634186,SL,True
Short,2026-04-23 13:05:00,4691.43,4701.856109208019,10.426109208018643,2026-04-23 14:15:00,4701.856109208019,-1.007673044508161,SL,True
Short,2026-04-24 05:45:00,4675.94,4687.9218221910605,11.98182219106052,2026-04-24 09:00:00,4687.9218221910605,-1.0066767807704655,SL,True
Short,2026-04-24 12:25:00,4683.36,4692.340452817607,8.980452817607484,2026-04-24 14:05:00,4692.340452817607,-1.0089082367698647,SL,True
Short,2026-04-24 15:45:00,4692.34,4704.959937093159,12.61993709315873,2026-04-24 16:10:00,4704.959937093159,-1.0063391758144073,SL,True
Long,2026-04-24 17:05:00,4728.13,4711.582429055426,16.547570944574503,2026-04-27 01:00:00,4711.582429055426,-1.0048345464278714,SL,True
Long,2026-04-27 05:35:00,4712.25,4701.720180393368,10.529819606632694,2026-04-27 12:05:00,4704.61,-0.7331559597789812,REV,False
Short,2026-04-27 12:05:00,4704.61,4711.975348710997,7.365348710998015,2026-04-27 15:20:00,4711.975348710997,-1.0108616717468215,SL,True
Short,2026-04-27 16:00:00,4696.29,4705.2781558107645,8.988155810764072,2026-04-27 17:55:00,4678.313688378472,1.9910993977313762,TP4,False
Short,2026-04-28 08:30:00,4644.48,4653.633399472574,9.153399472574117,2026-04-28 08:40:00,4626.173201054851,1.9912600777187095,TP4,False
Short,2026-04-28 12:30:00,4611.85,4624.35062936812,12.500629368119974,2026-04-28 14:35:00,4586.8487412637605,1.9936003222202447,TP4,False
Long,2026-04-29 12:15:00,4579.62,4569.443647201144,10.176352798856222,2026-04-29 12:25:00,4569.443647201144,-1.0078613626690258,SL,True
Short,2026-04-29 13:40:00,4566.34,4576.4766041531875,10.136604153187617,2026-04-29 15:50:00,4546.0667916936245,1.9921078105852206,TP4,False
Short,2026-04-29 16:20:00,4538.46,4550.77335422795,12.313354227950002,2026-04-29 16:40:00,4513.8332915441,1.993502988826713,TP4,False
Short,2026-04-30 05:40:00,4562.33,4572.477596898247,10.14759689824664,2026-04-30 07:30:00,4542.034806203506,1.9921163600799368,TP4,False
Long,2026-04-30 08:30:00,4562.29,4552.984610527495,9.305389472505725,2026-04-30 09:50:00,4580.900778945012,1.991402831634696,TP4,False
Long,2026-04-30 09:50:00,4583.95,4574.284259116448,9.66574088355172,2026-04-30 10:55:00,4603.281481767103,1.9917233452702932,TP4,False
Long,2026-04-30 11:00:00,4627.04,4612.227877309259,14.812122690740345,2026-04-30 11:20:00,4612.227877309259,-1.00540098145759,SL,True
Long,2026-04-30 15:35:00,4631.67,4618.204982960396,13.465017039604707,2026-04-30 16:45:00,4618.204982960396,-1.0059413218538364,SL,True
Short,2026-04-30 16:45:00,4618.38,4632.480539371268,14.10053937126792,2026-05-01 01:10:00,4632.480539371268,-1.0056735418336322,SL,True
Short,2026-05-01 07:45:00,4610.85,4618.251370222801,7.401370222800718,2026-05-01 09:20:00,4596.047259554399,1.9891911906050272,TP4,False
Short,2026-05-01 09:25:00,4593.39,4601.411191028084,8.02119102808444,2026-05-01 10:55:00,4577.347617943831,1.9900264188049306,TP4,False
Short,2026-05-01 11:10:00,4573.94,4583.690540492916,9.75054049291599,2026-05-01 15:10:00,4583.690540492916,-1.0082046733776706,SL,True
Long,2026-05-01 16:40:00,4607.85,4595.2883654850675,12.561634514932573,2026-05-01 17:00:00,4632.973269029865,1.993631402035678,TP4,False
Short,2026-05-04 03:20:00,4604.45,4615.820303359934,11.370303359934022,2026-05-04 05:00:00,4615.820303359934,-1.0070358720842858,SL,True
Short,2026-05-04 09:35:00,4586.69,4598.785484330968,12.095484330968297,2026-05-04 13:00:00,4562.499031338063,1.9933859614207203,TP4,False
Short,2026-05-04 13:00:00,4560.22,4571.073792861411,10.85379286141032,2026-05-04 13:10:00,4538.512414277179,1.9926293047028705,TP4,False
Short,2026-05-04 14:20:00,4564.32,4577.9018282824745,13.581828282475207,2026-05-04 15:15:00,4573.37,-0.6722217222979272,REV,False
Long,2026-05-04 15:15:00,4573.37,4560.775952118362,12.594047881637865,2026-05-04 16:00:00,4560.775952118362,-1.0063522070705373,SL,True
Long,2026-05-05 05:40:00,4544.4,4536.943877794166,7.456122205833948,2026-05-05 06:30:00,4536.943877794166,-1.0107294378755174,SL,True
Long,2026-05-05 08:30:00,4547.14,4539.54293311566,7.597066884340093,2026-05-05 09:15:00,4539.54293311566,-1.0105303798450134,SL,True
Long,2026-05-05 09:30:00,4542.87,4533.695846757346,9.174153242654286,2026-05-05 14:40:00,4561.218306485309,1.9912798491715125,TP4,False
Long,2026-05-05 15:20:00,4572.12,4560.608117035009,11.51188296499073,2026-05-05 19:25:00,4560.608117035009,-1.0069493409760597,SL,True
Long,2026-05-06 01:55:00,4573.37,4564.0286936313105,9.341306368689132,2026-05-06 02:45:00,4592.052612737378,1.9914358873542015,TP4,False
Long,2026-05-06 03:30:00,4608.8,4597.529513158478,11.270486841522304,2026-05-06 05:05:00,4631.3409736830445,1.9929018150568627,TP4,False
Long,2026-05-06 08:55:00,4662.89,4653.220564764553,9.669435235446599,2026-05-06 11:00:00,4682.2288704708935,1.9917265074896275,TP4,False
Long,2026-05-06 11:50:00,4697.33,4685.156242297235,12.173757702765347,2026-05-06 13:50:00,4721.67751540553,1.9934284875751973,TP4,False
Long,2026-05-06 13:50:00,4721.61,4708.335399691415,13.274600308584986,2026-05-06 14:25:00,4708.335399691415,-1.0060265467991678,SL,True
Short,2026-05-06 14:55:00,4692.17,4706.306868602379,14.136868602378941,2026-05-06 15:15:00,4663.896262795242,1.9943410381570137,TP4,False
Short,2026-05-07 12:00:00,4726.42,4738.08038688322,11.660386883219715,2026-05-07 12:25:00,4738.08038688322,-1.0068608358197173,SL,True
Short,2026-05-07 20:25:00,4699.39,4717.323029193836,17.933029193835754,2026-05-08 04:05:00,4717.323029193836,-1.0044610421995859,SL,True
Long,2026-05-11 04:20:00,4703.08,4685.725426497316,17.354573502683866,2026-05-11 04:50:00,4685.725426497316,-1.0046097358709198,SL,True
Long,2026-05-11 16:00:00,4709.94,4697.028569253762,12.911430746237485,2026-05-11 16:30:00,4735.762861492474,1.9938039399681848,TP4,False
Long,2026-05-12 01:45:00,4752.01,4744.34123553892,7.668764461079995,2026-05-12 02:50:00,4767.347528922161,1.9895680718314332,TP4,False
Long,2026-05-12 02:50:00,4765.95,4756.715617885385,9.234382114615178,2026-05-12 03:20:00,4756.715617885385,-1.0086632758972882,SL,True
Short,2026-05-12 04:00:00,4743.71,4756.760841387491,13.050841387491456,2026-05-12 07:50:00,4717.608317225017,1.9938701270190216,TP4,False
Short,2026-05-12 09:00:00,4706.68,4717.431383744502,10.751383744501975,2026-05-12 13:40:00,4685.177232510996,1.9925590973310265,TP4,False
Short,2026-05-12 17:45:00,4678.52,4694.866606346315,16.34660634631517,2026-05-12 18:20:00,4645.82678730737,1.9951060178299331,TP4,False
Short,2026-05-13 04:00:00,4711.73,4721.7803705842,10.050370584200431,2026-05-13 05:50:00,4691.629258831599,1.9920400945089323,TP4,False
Short,2026-05-13 05:50:00,4688.96,4698.988133230206,10.028133230205613,2026-05-13 06:25:00,4698.988133230206,-1.0079775565564943,SL,True
Short,2026-05-13 16:25:00,4688.79,4699.764306415076,10.974306415076324,2026-05-13 18:40:00,4699.764306415076,-1.007289754538833,SL,True
Long,2026-05-14 07:25:00,4702.38,4689.615857667863,12.764142332137316,2026-05-14 08:55:00,4689.615857667863,-1.0062675578130083,SL,True
Short,2026-05-15 03:20:00,4644.8,4656.255762911113,11.455762911113272,2026-05-15 03:35:00,4621.888474177774,1.9930166152511293,TP4,False
Short,2026-05-15 08:30:00,4569.69,4584.820272440439,15.130272440439773,2026-05-15 10:10:00,4584.820272440439,-1.0052874130531793,SL,True
Long,2026-05-15 10:10:00,4585.84,4570.742851970338,15.097148029662122,2026-05-15 10:50:00,4570.742851970338,-1.0052990140815201,SL,True
Short,2026-05-15 11:00:00,4561.07,4575.09430093671,14.024300936710791,2026-05-15 12:50:00,4533.021398126578,1.9942956158484637,TP4,False
Long,2026-05-15 13:50:00,4568.77,4553.594627815743,15.175372184257885,2026-05-15 14:40:00,4553.594627815743,-1.0052716993711015,SL,True
Short,2026-05-15 16:35:00,4528.63,4546.066534310543,17.436534310543124,2026-05-15 17:10:00,4546.066534310543,-1.0045880677074293,SL,True
Short,2026-05-18 03:00:00,4531.08,4544.814782366925,13.73478236692507,2026-05-18 03:30:00,4503.61043526615,1.9941753718506352,TP4,False
Long,2026-05-18 15:40:00,4569.86,4555.494665578128,14.365334421872333,2026-05-18 17:20:00,4555.494665578128,-1.0055689618946693,SL,True
Short,2026-05-18 17:30:00,4549.45,4567.874428651331,18.424428651331247,2026-05-19 01:00:00,4567.874428651331,-1.0043420613748164,SL,True
Long,2026-05-19 01:00:00,4570.06,4558.167107111279,11.892892888721642,2026-05-19 03:35:00,4568.78,-0.14462418993378626,REV,False
Short,2026-05-19 03:35:00,4568.78,4579.5654256100715,10.785425610071579,2026-05-19 05:55:00,4547.209148779856,1.9925825829325774,TP4,False
Short,2026-05-19 08:45:00,4533.68,4544.530901871752,10.850901871751818,2026-05-19 09:10:00,4544.530901871752,-1.0073726590605174,SL,True
Short,2026-05-19 16:15:00,4517.17,4530.791336426739,13.621336426738647,2026-05-19 16:30:00,4489.927327146523,1.9941268611615202,TP4,False
Short,2026-05-20 03:15:00,4483.66,4494.011607963793,10.351607963793022,2026-05-20 03:25:00,4494.011607963793,-1.0077282679444346,SL,True
Short,2026-05-20 05:05:00,4479.47,4496.345682221717,16.875682221716463,2026-05-20 11:50:00,4489.15,-0.5783469889851167,REV,False
Long,2026-05-20 11:50:00,4489.15,4477.438686952106,11.711313047893887,2026-05-20 12:25:00,4477.438686952106,-1.0068310017563984,SL,True
Short,2026-05-20 16:25:00,4489.53,4499.611247319812,10.081247319812288,2026-05-20 17:10:00,4469.367505360376,1.9920644740216595,TP4,False
Short,2026-05-21 05:30:00,4536.95,4548.672665197195,11.722665197194733,2026-05-21 10:25:00,4513.504669605611,1.9931756133392426,TP4,False
Short,2026-05-21 10:25:00,4512.81,4523.043627504851,10.233627504850876,2026-05-21 10:50:00,4523.043627504851,-1.0078173648554465,SL,True
Long,2026-05-21 11:10:00,4534.25,4523.782833557901,10.467166442099234,2026-05-21 13:25:00,4523.782833557901,-1.0076429471569663,SL,True
Short,2026-05-21 15:55:00,4504.08,4515.886757545435,11.806757545435312,2026-05-21 16:50:00,4515.886757545435,-1.0067757807079551,SL,True
Short,2026-05-21 17:05:00,4505.26,4522.020021810207,16.760021810207157,2026-05-21 20:00:00,4522.020021810207,-1.004773263478163,SL,True
Short,2026-05-21 21:50:00,4527.79,4541.330727803243,13.540727803242778,2026-05-21 22:15:00,4541.330727803243,-1.0059081019249685,SL,True
Short,2026-05-22 17:10:00,4497.61,4512.032312518285,14.422312518284926,2026-05-22 18:15:00,4512.032312518285,-1.0055469606485716,SL,True
Short,2026-05-25 04:05:00,4561.95,4573.438680698572,11.488680698572585,2026-05-25 04:25:00,4573.438680698572,-1.0069633756998493,SL,True
Long,2026-05-25 05:05:00,4567.7,4556.420985407353,11.279014592646542,2026-05-25 08:25:00,4556.420985407353,-1.0070928182016987,SL,True
Short,2026-05-25 15:00:00,4564.51,4570.21340149674,5.703401496739504,2026-05-25 15:20:00,4553.103197006521,1.9859732827776608,TP4,False
Long,2026-05-26 02:10:00,4579.08,4573.7442545668055,5.335745433194707,2026-05-26 02:20:00,4573.7442545668055,-1.0149932190359117,SL,True
Short,2026-05-26 03:00:00,4550.63,4559.804371296908,9.17437129690786,2026-05-26 04:35:00,4532.2812574061845,1.9912800564299054,TP4,False
Short,2026-05-26 04:35:00,4529.82,4541.583540220424,11.763540220423941,2026-05-26 06:20:00,4541.583540220424,-1.0068006738193753,SL,True
Short,2026-05-26 09:25:00,4530.49,4538.210776124748,7.720776124748315,2026-05-26 10:55:00,4538.210776124748,-1.01036165259908,SL,True
Long,2026-05-26 10:55:00,4538.23,4528.687728429157,9.542271570842809,2026-05-26 11:10:00,4528.687728429157,-1.0083837479792992,SL,True
Short,2026-05-26 12:40:00,4513.25,4522.508660484972,9.25866048497181,2026-05-26 12:55:00,4522.508660484972,-1.0086405587644283,SL,True
Long,2026-05-27 02:40:00,4526.86,4516.334242018943,10.525757981057124,2026-05-27 03:20:00,4516.334242018943,-1.0076004027589902,SL,True
Short,2026-05-27 15:30:00,4447.4,4466.537698379454,19.137698379454726,2026-05-27 16:20:00,4409.12460324109,1.9958197690018111,TP4,False
Short,2026-05-28 04:40:00,4417.58,4430.7997990997,13.21979909970022,2026-05-28 06:00:00,4391.1404018006,1.9939484708204096,TP4,False
Short,2026-05-28 06:15:00,4384.51,4397.598211646787,13.08821164678641,2026-05-28 12:20:00,4397.598211646787,-1.0061123705941681,SL,True
Long,2026-05-28 17:10:00,4464.37,4443.32603880088,21.043961199119668,2026-05-28 19:45:00,4506.457922398239,1.9961984343516355,TP4,False
Long,2026-05-29 04:05:00,4508.76,4499.494925399081,9.265074600919158,2026-05-29 05:30:00,4499.494925399081,-1.008634576994376,SL,True
Long,2026-05-29 09:00:00,4519.16,4510.329116199359,8.830883800640297,2026-05-29 09:15:00,4510.329116199359,-1.0090591159170785,SL,True
Long,2026-05-29 10:40:00,4525.35,4515.86428144661,9.485718553390093,2026-05-29 11:05:00,4515.86428144661,-1.0084337311453815,SL,True
Long,2026-05-29 11:25:00,4517.07,4508.231623481406,8.838376518593284,2026-05-29 12:45:00,4534.746753037186,1.9909485639322984,TP4,False
Long,2026-05-29 12:45:00,4537.25,4527.3836143456,9.86638565439999,2026-05-29 13:00:00,4527.3836143456,-1.0081083390414833,SL,True
Long,2026-05-29 13:30:00,4538.82,4529.259379080897,9.560620919103236,2026-05-29 14:25:00,4529.259379080897,-1.0083676573599647,SL,True
Long,2026-05-29 17:00:00,4548.09,4535.092123226882,12.997876773118023,2026-05-29 17:20:00,4535.092123226882,-1.0061548513958511,SL,True
Long,2026-05-29 17:50:00,4556.95,4539.6086984433305,17.341301556669585,2026-05-29 18:10:00,4591.632603113339,1.995386736125998,TP4,False
Short,2026-06-01 03:35:00,4536.86,4546.657619436534,9.797619436534315,2026-06-01 06:10:00,4517.264761126931,1.9918347512353964,TP4,False
Long,2026-06-01 08:45:00,4524.23,4514.86787984316,9.362120156839076,2026-06-01 09:00:00,4514.86787984316,-1.0085450729813474,SL,True
Short,2026-06-01 09:35:00,4504.64,4515.336528523276,10.696528523275315,2026-06-01 16:10:00,4483.246942953449,1.9925209380009918,TP4,False
Long,2026-06-01 18:25:00,4468.39,4455.10383383798,13.286166162019535,2026-06-01 20:45:00,4494.962332324039,1.9939786994213042,TP4,False
Short,2026-06-03 02:05:00,4482.15,4489.986487932212,7.836487932212607,2026-06-03 02:25:00,4466.4770241355745,1.9897913452184022,TP4,False
Long,2026-06-03 03:35:00,4491.55,4481.446207276379,10.103792723620757,2026-06-03 04:00:00,4481.446207276379,-1.0079178188021785,SL,True
Short,2026-06-03 04:50:00,4474.04,4485.512143360358,11.472143360358098,2026-06-03 06:00:00,4485.512143360358,-1.0069734135537804,SL,True
Short,2026-06-03 08:55:00,4456.96,4466.298713753071,9.33871375307056,2026-06-03 09:00:00,4466.298713753071,-1.0085664902164864,SL,True
Short,2026-06-03 10:15:00,4463.83,4474.542332054615,10.71233205461562,2026-06-03 11:55:00,4442.405335890769,1.992531971601326,TP4,False
Short,2026-06-03 12:25:00,4439.86,4452.060782190395,12.200782190395424,2026-06-03 13:05:00,4452.060782190395,-1.006556956656671,SL,True
Short,2026-06-04 01:35:00,4436.43,4445.503201053435,9.073201053434397,2026-06-04 01:55:00,4445.503201053435,-1.0088171748349066,SL,True
Long,2026-06-04 04:10:00,4464.28,4452.270068323125,12.0099316768745,2026-06-04 14:25:00,4488.299863353749,1.9933388463688162,TP4,False
Short,2026-06-04 17:05:00,4489.9,4504.628349149745,14.728349149745254,2026-06-04 17:50:00,4460.443301700509,1.9945682982398818,TP4,False
Short,2026-06-05 02:35:00,4463.69,4471.874287815799,8.18428781579906,2026-06-05 04:40:00,4447.3214243684015,1.9902251726966909,TP4,False
Long,2026-06-08 01:10:00,4330.0,4313.371457342479,16.628542657521322,2026-06-08 04:20:00,4313.371457342479,-1.0048110048876644,SL,True
Long,2026-06-08 10:20:00,4314.23,4298.711106567227,15.518893432772769,2026-06-08 10:45:00,4298.711106567227,-1.0051550067243078,SL,True
Long,2026-06-08 12:45:00,4301.25,4286.857465209377,14.39253479062356,2026-06-08 13:00:00,4286.857465209377,-1.0055584371456177,SL,True
Long,2026-06-08 18:15:00,4331.66,4316.692190383407,14.96780961659272,2026-06-09 02:30:00,4316.692190383407,-1.0053448034180765,SL,True
Long,2026-06-09 04:05:00,4325.2,4316.591622408398,8.608377591601823,2026-06-09 08:30:00,4342.416755183203,1.9907067273538095,TP4,False
Short,2026-06-09 17:35:00,4305.31,4323.709923454146,18.399923454145224,2026-06-09 18:30:00,4268.51015309171,1.995652155825572,TP4,False
Short,2026-06-09 19:15:00,4254.51,4275.545332369844,21.03533236984364,2026-06-10 02:45:00,4212.439335260313,1.9961968749248469,TP4,False
Short,2026-06-10 03:30:00,4206.39,4221.555880973425,15.16588097342411,2026-06-10 05:30:00,4176.058238053152,1.9947250014595006,TP4,False
Short,2026-06-10 14:55:00,4147.55,4163.1565641999105,15.60656419991054,2026-06-10 15:30:00,4163.1565641999105,-1.0051260481791502,SL,True
Short,2026-06-11 16:10:00,4073.15,4090.4491552993754,17.299155299375272,2026-06-11 16:45:00,4090.4491552993754,-1.004624503255541,SL,True
Long,2026-06-11 22:10:00,4188.26,4167.040306816859,21.219693183141207,2026-06-12 01:45:00,4230.699386366283,1.996229917213726,TP4,False
Short,2026-06-12 04:00:00,4184.65,4203.948474317785,19.29847431778537,2026-06-12 06:30:00,4203.948474317785,-1.0041454054182255,SL,True
Long,2026-06-12 10:55:00,4194.25,4180.944960533205,13.305039466795117,2026-06-12 11:35:00,4220.860078933591,1.993987240684304,TP4,False
Short,2026-06-12 17:10:00,4193.14,4210.789510676139,17.649510676138238,2026-06-12 18:05:00,4210.789510676139,-1.0045327035671578,SL,True
Short,2026-06-15 09:05:00,4305.25,4315.3641649588635,10.114164958863368,2026-06-15 10:20:00,4315.3641649588635,-1.007909698954439,SL,True
Long,2026-06-15 11:30:00,4343.41,4332.325615038135,11.084384961864586,2026-06-15 14:45:00,4332.325615038135,-1.007217360302412,SL,True
Long,2026-06-15 16:30:00,4363.0,4351.799790767627,11.200209232372774,2026-06-15 18:00:00,4351.799790767627,-1.0035713618531705,SL,True
Short,2026-06-15 18:10:00,4351.05,4363.711691418756,12.661691418756096,2026-06-15 20:35:00,4325.726617162488,1.9968408644092674,TP4,False
Short,2026-06-16 01:20:00,4307.63,4316.46604012935,8.836040129350344,2026-06-16 02:35:00,4316.46604012935,-1.0045269147055005,SL,True
Short,2026-06-16 03:20:00,4308.97,4316.555812820874,7.585812820873661,2026-06-16 03:55:00,4316.555812820874,-1.0052730011858544,SL,True
Long,2026-06-16 11:05:00,4339.19,4331.267470383642,7.922529616357296,2026-06-16 17:15:00,4331.267470383642,-1.0050488924544752,SL,True
Short,2026-06-16 17:25:00,4319.67,4331.157194311919,11.487194311918753,2026-06-16 18:50:00,4331.157194311919,-1.0034821383632817,SL,True
Long,2026-06-16 18:50:00,4338.01,4326.780549784682,11.229450215318511,2026-06-16 20:20:00,4326.780549784682,-1.0035620621876091,SL,True
Long,2026-06-17 16:40:00,4341.8,4332.888615161091,8.91138483890888,2026-06-17 17:20:00,4359.622769677818,1.9955113598253014,TP4,False
Short,2026-06-17 21:00:00,4316.22,4335.665099076427,19.44509907642697,2026-06-17 21:10:00,4277.329801847146,1.997942926397935,TP4,False
Short,2026-06-18 10:35:00,4294.47,4304.9993409964845,10.529340996484152,2026-06-18 11:55:00,4273.411318007032,1.9962010917859816,TP4,False
Short,2026-06-18 11:55:00,4266.78,4278.290021266028,11.51002126602805,2026-06-18 14:10:00,4243.759957467943,1.9965247674982292,TP4,False
Long,2026-06-18 16:30:00,4272.38,4258.409670194628,13.970329805372245,2026-06-18 16:45:00,4258.409670194628,-1.0028632108587907,SL,True
Short,2026-06-19 06:55:00,4153.47,4163.217284639154,9.747284639153577,2026-06-19 07:40:00,4133.975430721694,1.9958962930209527,TP4,False
Long,2026-06-19 09:10:00,4147.22,4135.7238973221665,11.49610267783418,2026-06-19 09:30:00,4135.7238973221665,-1.0034794400433353,SL,True
Long,2026-06-19 10:00:00,4156.26,4143.810773769256,12.449226230743601,2026-06-19 14:05:00,4143.810773769256,-1.0032130510972326,SL,True
Long,2026-06-22 03:45:00,4184.0,4171.192219547803,12.807780452197616,2026-06-22 04:00:00,4209.615560904395,1.9968768983705514,TP4,False
Short,2026-06-23 04:30:00,4169.28,4180.966157166333,11.686157166332938,2026-06-23 06:00:00,4145.907685667334,1.9965771468387359,TP4,False
Short,2026-06-23 06:05:00,4140.34,4152.418831918572,12.078831918572082,2026-06-23 07:55:00,4116.182336162856,1.9966884215071903,TP4,False
Short,2026-06-23 09:05:00,4113.44,4127.707280542798,14.26728054279788,2026-06-23 13:00:00,4127.707280542798,-1.0028036176817592,SL,True
Short,2026-06-24 02:35:00,4083.91,4094.073494407668,10.16349440766804,2026-06-24 02:45:00,4094.073494407668,-1.0039356542539097,SL,True
Short,2026-06-24 04:00:00,4073.57,4088.484107420352,14.914107420351794,2026-06-24 04:10:00,4088.484107420352,-1.0026820243996168,SL,True
Short,2026-06-24 05:35:00,4060.78,4076.741740592048,15.961740592047654,2026-06-24 08:30:00,4076.741740592048,-1.0025059923615012,SL,True
Short,2026-06-24 15:20:00,4032.94,4046.9616456145504,14.02164561455045,2026-06-24 15:45:00,4004.8967087708993,1.9971472677958262,TP4,False
Short,2026-06-24 18:30:00,4008.89,4029.068104381521,20.178104381521376,2026-06-24 21:00:00,3968.5337912369573,1.998017653232242,TP4,False
Short,2026-06-25 05:05:00,3965.87,3984.484856562243,18.614856562243055,2026-06-25 05:20:00,3984.484856562243,-1.0021488212850926,SL,True
Long,2026-06-25 16:00:00,4029.15,4010.829891212052,18.320108787947902,2026-06-25 16:45:00,4010.829891212052,-1.002183393148097,SL,True
Long,2026-06-25 17:00:00,4014.65,3993.402345336117,21.247654663883278,2026-06-26 01:00:00,3993.402345336117,-1.0018825607170603,SL,True
Short,2026-06-26 04:00:00,4017.31,4029.145830674339,11.835830674338911,2026-06-26 05:35:00,3993.638338651322,1.9966204315437952,TP4,False
Long,2026-06-26 09:55:00,4032.07,4020.6811308698598,11.38886913014022,2026-06-26 13:55:00,4054.8477382602805,1.9964877987846703,TP4,False
Long,2026-06-26 15:55:00,4059.0,4048.0730872257654,10.926912774234376,2026-06-26 16:05:00,4048.0730872257654,-1.0036606863097228,SL,True
Long,2026-06-26 16:40:00,4062.3,4047.260268821936,15.039731178064496,2026-06-26 17:15:00,4092.3794623561294,1.997340377994378,TP4,False
Short,2026-06-29 03:20:00,4052.5,4063.7295961882323,11.229596188232499,2026-06-29 03:40:00,4063.7295961882323,-1.003562015884574,SL,True
Short,2026-06-29 12:50:00,4034.44,4044.802005604027,10.362005604026674,2026-06-29 15:00:00,4044.802005604027,-1.0038602565496146,SL,True
Long,2026-06-29 15:00:00,4045.68,4035.5352479180387,10.144752081961293,2026-06-29 16:35:00,4035.5352479180387,-1.0039429253348555,SL,True
Short,2026-06-29 17:00:00,4026.9,4039.5700964824714,12.670096482471084,2026-06-29 17:15:00,4001.559807035058,1.9968429601104185,TP4,False
Short,2026-06-30 03:30:00,4001.85,4010.8897567035524,9.039756703552433,2026-06-30 03:55:00,3983.770486592895,1.9955751021502408,TP4,False
Short,2026-07-01 02:45:00,4007.33,4013.8743240792514,6.544324079251284,2026-07-01 03:50:00,3994.2413518414974,1.993887833255871,TP4,False
Short,2026-07-01 04:00:00,3990.36,3999.1439829701953,8.783982970195199,2026-07-01 05:05:00,3972.7920340596097,1.995446257109594,TP4,False
Short,2026-07-01 16:05:00,4018.01,4029.7555660615467,11.745566061546366,2026-07-01 16:15:00,4029.7555660615467,-1.0034055404218496,SL,True
Long,2026-07-02 03:45:00,4050.56,4040.186363816934,10.373636183066251,2026-07-02 06:50:00,4071.3072723661326,1.9961440714428391,TP4,False
Long,2026-07-02 09:15:00,4074.74,4064.374719033746,10.365280966254184,2026-07-02 10:20:00,4064.374719033746,-1.003859036733304,SL,True
Long,2026-07-03 03:50:00,4147.48,4136.101677585666,11.378322414333669,2026-07-03 04:05:00,4170.236644828667,1.9964845432794296,TP4,False
Short,2026-07-03 17:05:00,4158.92,4167.850250140842,8.930250140841867,2026-07-03 17:45:00,4167.850250140842,-1.0044791578476797,SL,True
Long,2026-07-06 01:35:00,4190.63,4181.880316174265,8.749683825735083,2026-07-06 02:45:00,4181.880316174265,-1.0045715937622863,SL,True
Short,2026-07-06 03:00:00,4175.37,4187.807785699271,12.437785699271167,2026-07-06 03:45:00,4187.807785699271,-1.0032160065278035,SL,True
Long,2026-07-06 10:40:00,4163.62,4154.556151505655,9.06384849434441,2026-07-06 11:15:00,4154.556151505655,-1.0044131364315343,SL,True
Short,2026-07-06 17:40:00,4130.15,4143.972935580791,13.822935580791901,2026-07-06 18:00:00,4143.972935580791,-1.0028937413305548,SL,True
Short,2026-07-07 03:55:00,4146.01,4153.667114865481,7.6571148654813825,2026-07-07 04:25:00,4130.695770269038,1.9947761003062967,TP4,False
Short,2026-07-07 06:45:00,4126.19,4135.27159649162,9.081596491619894,2026-07-07 07:05:00,4135.27159649162,-1.0044045119200231,SL,True
Short,2026-07-07 16:55:00,4158.45,4173.718526044015,15.268526044015056,2026-07-07 21:50:00,4127.91294791197,1.9973802317338862,TP4,False
Long,2026-07-08 14:40:00,4064.06,4050.117095258967,13.942904741033157,2026-07-08 17:35:00,4050.117095258967,-1.0086065279960479,SL,True
Short,2026-07-08 17:35:00,4043.04,4059.934139012058,16.89413901205799,2026-07-08 19:50:00,4059.934139012058,-1.0082868975980463,SL,True
Long,2026-07-09 03:30:00,4078.7,4069.4476004863895,9.252399513610207,2026-07-09 04:00:00,4069.4476004863895,-1.0151312099952154,SL,True
Long,2026-07-09 09:00:00,4093.1,4081.319796162769,11.780203837230943,2026-07-09 11:20:00,4116.660407674462,1.9898134190495946,TP4,False
Long,2026-07-09 15:05:00,4115.59,4106.446914884973,9.143085115027194,2026-07-09 15:20:00,4106.446914884973,-1.0153121182006544,SL,True
Long,2026-07-09 16:10:00,4120.53,4109.743693544036,10.786306455963034,2026-07-10 04:35:00,4109.743693544036,-1.0101981155875157,SL,True
Short,2026-07-10 10:40:00,4106.78,4114.28763068238,7.507630682380329,2026-07-10 15:10:00,4114.28763068238,-1.0159837377565195,SL,True
Short,2026-07-13 01:20:00,4082.11,4094.83740779627,12.72740779626971,2026-07-13 03:05:00,4088.39,-0.503637512257481,REV,False
Long,2026-07-13 03:05:00,4088.39,4078.2930678210446,10.096932178955182,2026-07-13 03:25:00,4078.2930678210446,-1.0148559975784273,SL,True
Short,2026-07-13 05:40:00,4072.64,4084.8697883832133,12.229788383213293,2026-07-13 09:05:00,4048.1804232335735,1.9828288116343489,TP4,False
Short,2026-07-13 09:45:00,4056.39,4066.7178680934694,10.327868093469352,2026-07-13 11:00:00,4066.7178680934694,-1.0125873025123535,SL,True
Short,2026-07-13 16:55:00,4043.18,4055.1868809845055,12.006880984505772,2026-07-13 17:15:00,4019.166238030988,1.990838586628638,TP4,False
Short,2026-07-14 03:15:00,3987.77,3998.2331574154896,10.463157415489626,2026-07-14 03:30:00,3998.2331574154896,-1.0105130789523566,SL,True
Long,2026-07-14 15:30:00,4095.46,4077.2416243852285,18.21837561477144,2026-07-14 15:50:00,4077.2416243852285,-1.0060378599237396,SL,True
Long,2026-07-14 18:05:00,4096.0,4077.7147813729716,18.285218627028478,2026-07-14 18:35:00,4077.7147813729716,-1.006015788065957,SL,True
Short,2026-07-15 04:55:00,4037.33,4046.5042350860967,9.174235086096804,2026-07-15 11:10:00,4018.9815298278063,1.9792898265395533,TP4,False
Short,2026-07-15 11:10:00,4017.82,4026.298485039004,8.478485039003933,2026-07-15 11:25:00,4026.298485039004,-1.0141534719289822,SL,True
Long,2026-07-15 15:30:00,4054.23,4045.7035458241894,8.526454175810606,2026-07-15 15:55:00,4071.2829083516212,1.987098974822142,TP4,False
Long,2026-07-15 17:55:00,4060.4,4049.2459379287384,11.15406207126156,2026-07-15 18:10:00,4049.2459379287384,-1.0134480155338763,SL,True
Long,2026-07-15 20:30:00,4054.74,4043.7917259391957,10.948274060804074,2026-07-15 21:30:00,4076.636548121608,1.9890393682754515,TP4,False
Short,2026-07-16 04:15:00,4040.74,4050.141817455606,9.401817455606432,2026-07-16 14:25:00,4021.9363650887867,1.984045637909046,TP4,False
Short,2026-07-16 17:45:00,3999.26,4014.735328897832,15.475328897831666,2026-07-16 18:25:00,4014.735328897832,-1.0084004676642664,SL,True
Long,2026-07-17 18:25:00,4013.25,3997.175275150788,16.074724849212267,2026-07-20 01:00:00,3997.175275150788,-1.0068430409249096,SL,True
Long,2026-07-20 03:15:00,3999.98,3989.414729281011,10.56527071898865,2026-07-20 05:45:00,4021.110541437977,1.9886420326377008,TP4,False
Long,2026-07-20 05:45:00,4024.94,4012.7311673523604,12.208832647639412,2026-07-20 08:10:00,4012.7311673523604,-1.0090098704089836,SL,True
Long,2026-07-20 12:30:00,4018.3,4010.4879551247645,7.812044875235654,2026-07-20 14:30:00,4033.9240897504715,1.9846391051361694,TP4,False
Long,2026-07-20 14:30:00,4036.83,4028.3849412358263,8.445058764173655,2026-07-20 14:45:00,4028.3849412358263,-1.0130253682149146,SL,True
Long,2026-07-21 04:15:00,4034.31,4024.6638676320604,9.646132367939519,2026-07-21 04:35:00,4024.6638676320604,-1.0124402190870707,SL,True
Long,2026-07-21 05:35:00,4037.09,4026.224737667927,10.865262332073051,2026-07-21 08:30:00,4058.8205246641464,1.9889556279146994,TP4,False
Long,2026-07-22 04:00:00,4110.51,4099.95585563821,10.554144361790739,2026-07-22 06:00:00,4131.618288723582,1.9895775539703529,TP4,False
Short,2026-07-22 09:25:00,4117.32,4125.757712259618,8.437712259618287,2026-07-22 15:00:00,4125.757712259618,-1.0154070198176568,SL,True
Long,2026-07-22 16:30:00,4142.22,4130.965373855448,11.254626144551846,2026-07-22 18:45:00,4164.729252289104,1.9902262413173717,TP4,False
Long,2026-07-22 18:45:00,4164.38,4154.116020813942,10.263979186058192,2026-07-22 19:10:00,4154.116020813942,-1.0116913721106484,SL,True
Short,2026-07-23 01:00:00,4120.49,4132.705057890476,12.215057890476281,2026-07-23 02:45:00,4129.75,-0.7785472721676484,REV,False
Long,2026-07-23 02:45:00,4129.75,4119.617078148892,10.13292185110824,2026-07-23 04:45:00,4119.617078148892,-1.0128294683320551,SL,True
Short,2026-07-23 05:00:00,4113.82,4124.869928925861,11.049928925861058,2026-07-23 05:45:00,4124.869928925861,-1.010859798357573,SL,True
Short,2026-07-23 10:20:00,4105.67,4114.20596589616,8.535965896159748,2026-07-23 11:20:00,4088.5980682076806,1.9859418369918702,TP4,False
Short,2026-07-23 15:20:00,4071.67,4081.5992542704485,9.929254270448403,2026-07-23 16:05:00,4051.8114914591033,1.988921625229457,TP4,False
Short,2026-07-24 05:45:00,4026.24,4034.576985549166,8.336985549166107,2026-07-24 09:15:00,4033.93,-0.9355899628229819,REV,False
Long,2026-07-24 09:15:00,4033.93,4026.37924397493,7.550756025069801,2026-07-24 10:25:00,4049.0315120501396,1.9854319223618582,TP4,False
Long,2026-07-24 10:30:00,4053.53,4045.6385209146565,7.891479085343618,2026-07-24 11:05:00,4045.6385209146565,-1.0152062748570088,SL,True
Long,2026-07-24 11:40:00,4054.66,4047.6734538503933,6.986546149606603,2026-07-24 16:05:00,4047.6734538503933,-1.01717586879558,SL,True
Long,2026-07-24 18:10:00,4074.65,4063.282832329202,11.367167670798295,2026-07-24 20:10:00,4063.282832329202,-1.0096769928257892,SL,True
Long,2026-07-27 03:00:00,4101.95,4092.5713175831243,9.378682416875732,2026-07-27 03:25:00,4092.5713175831243,-1.013861222101509,SL,True
Long,2026-07-27 10:15:00,4103.9,4097.156454455064,6.74354554493592,2026-07-27 10:40:00,4097.156454455064,-1.0177947934362268,SL,True
Short,2026-07-27 16:25:00,4076.01,4085.6548109017804,9.64481090177996,2026-07-27 16:35:00,4085.6548109017804,-1.0124419235609938,SL,True
Short,2026-07-27 17:25:00,4068.13,4079.463154734595,11.333154734594846,2026-07-27 18:50:00,4079.463154734595,-1.0097060353075455,SL,True
Short,2026-07-28 03:15:00,4065.25,4071.414239004913,6.1642390049126545,2026-07-28 04:20:00,4052.921521990175,1.9805328768231574,TP4,False
Short,2026-07-28 04:20:00,4050.06,4058.270009845149,8.210009845149397,2026-07-28 09:30:00,4049.27,0.08160769751035198,REV,False
Long,2026-07-28 09:30:00,4049.27,4042.7631312338704,6.506868766129581,2026-07-28 11:35:00,4042.7631312338704,-1.0245894001786082,SL,True
Short,2026-07-28 12:35:00,4032.11,4039.7262700541337,7.616270054133483,2026-07-28 15:20:00,4033.87,-0.24683998684887162,REV,False
Long,2026-07-28 15:20:00,4033.87,4025.753997213685,8.116002786314688,2026-07-28 15:30:00,4025.753997213685,-1.0197141381308878,SL,True
Short,2026-07-29 01:30:00,4017.39,4024.2252938507763,6.835293850776468,2026-07-29 02:50:00,4024.2252938507763,-1.0175559387233004,SL,True
Long,2026-07-29 02:55:00,4024.84,4017.5844097255404,7.255590274459988,2026-07-29 03:00:00,4017.5844097255404,-1.017917219010755,SL,True
Short,2026-07-29 04:10:00,4012.98,4022.6094163489774,9.629416348977294,2026-07-29 04:30:00,4022.6094163489774,-1.012461814470498,SL,True
Short,2026-07-29 15:15:00,4018.86,4025.2623064096997,6.4023064096997775,2026-07-29 16:00:00,4025.2623064096997,-1.0187432453745098,SL,True
Short,2026-07-29 16:50:00,4009.13,4019.2459456312486,10.115945631248362,2026-07-29 19:50:00,4019.2459456312486,-1.0108739216292637,SL,True
Long,2026-07-29 21:00:00,4066.92,4050.3597401987677,16.560259801232398,2026-07-29 21:45:00,4100.040519602465,1.9933575921319906,TP4,False
Long,2026-07-29 21:45:00,4099.42,4076.344852614038,23.075147385962413,2026-07-29 22:30:00,4076.344852614038,-1.0047670334737184,SL,True
Short,2026-07-29 22:55:00,4044.59,4067.9280443651105,23.338044365110356,2026-07-30 01:00:00,4067.9280443651105,-1.004713334085715,SL,True
Short,2026-07-30 08:35:00,4031.57,4042.3879020953286,10.817902095328527,2026-07-30 10:00:00,4042.3879020953286,-1.0101683301466962,SL,True
Long,2026-07-30 10:10:00,4046.68,4036.0520879843943,10.62791201560569,2026-07-30 11:25:00,4067.9358240312113,1.9887089769068709,TP4,False
Short,2026-07-30 15:30:00,4073.54,4084.1268203031236,10.586820303123492,2026-07-30 16:20:00,4082.12,-0.8217764872643691,REV,False
Long,2026-07-30 16:20:00,4082.12,4068.7706275640594,13.349372435940449,2026-07-30 16:55:00,4108.818744871881,1.9917599122709504,TP4,False
Long,2026-07-30 18:15:00,4095.89,4078.5332692006164,17.356730799383424,2026-07-31 01:00:00,4078.5332692006164,-1.00633759901398,SL,True
Long,2026-07-31 01:15:00,4108.15,4097.026387748416,11.123612251583685,2026-07-31 03:25:00,4097.026387748416,-1.0107878625473543,SL,True
Short,2026-07-31 04:35:00,4084.79,4093.787910468076,8.997910468076162,2026-07-31 11:00:00,4066.7941790638474,1.9855522012070457,TP4,False
Short,2026-07-31 11:00:00,4063.07,4070.126739685035,7.056739685034582,2026-07-31 15:25:00,4048.956520629931,1.9829949799261113,TP4,False
Short,2026-07-31 15:35:00,4044.49,4052.9890493312296,8.499049331229921,2026-07-31 16:35:00,4027.4919013375397,1.985880773799153,TP4,False
Short,2026-07-31 16:35:00,4027.61,4038.498439944618,10.888439944617868,2026-07-31 17:20:00,4038.498439944618,-1.010102457336357,SL,True
Long,2026-08-03 01:00:00,4074.69,4065.2711604129536,9.418839587046424,2026-08-03 01:20:00,4065.2711604129536,-1.0307893554529672,SL,True
Long,2026-08-03 02:55:00,4074.77,4067.135343650663,7.634656349337079,2026-08-03 03:20:00,4067.135343650663,-1.0248865163415655,SL,True
Long,2026-08-03 14:45:00,4060.9,4053.623766841109,7.276233158891266,2026-08-03 15:15:00,4053.623766841109,-1.0164920498531778,SL,True
Short,2026-08-03 16:35:00,4026.45,4037.2407761165146,10.790776116514877,2026-08-03 17:35:00,4037.2407761165146,-1.0101938914135662,SL,True
Short,2026-08-03 18:25:00,4032.86,4042.8684020518895,10.00840205188944,2026-08-03 21:50:00,4042.8684020518895,-1.0109907655017842,SL,True
Short,2026-08-04 09:30:00,4056.85,4063.424634270112,6.574634270112153,2026-08-04 09:55:00,4063.424634270112,-1.0197729629754577,SL,True
Long,2026-08-04 15:15:00,4065.7,4054.8123626515735,10.887637348426189,2026-08-04 16:20:00,4087.475274696852,1.98897832503417,TP4,False
Long,2026-08-04 16:20:00,4081.43,4067.445180323937,13.984819676062724,2026-08-05 01:00:00,4067.445180323937,-1.007865671674568,SL,True
Short,2026-08-05 02:00:00,4069.92,4078.1027577997606,8.18275779976066,2026-08-05 03:25:00,4078.1027577997606,-1.014664982507904,SL,True
Long,2026-08-05 04:40:00,4092.88,4085.1724001717125,7.707599828287361,2026-08-05 05:25:00,4108.295199656575,1.9818361094090868,TP4,False
Long,2026-08-05 05:35:00,4120.22,4109.989564872717,10.230435127283167,2026-08-05 07:10:00,4140.680870254567,1.988270293637876,TP4,False
Long,2026-08-05 14:25:00,4175.92,4167.472181570861,8.447818429138904,2026-08-05 15:00:00,4192.815636858278,1.9857951492439418,TP4,False
Long,2026-08-05 17:00:00,4210.44,4195.713951403505,14.726048596494163,2026-08-05 17:25:00,4239.892097192988,1.9925302433114487,TP4,False
Long,2026-08-06 03:50:00,4296.46,4281.27306047295,15.18693952704973,2026-08-06 04:10:00,4281.27306047295,-1.0079015261624076,SL,True
Long,2026-08-06 05:05:00,4301.1,4282.419417785683,18.680582214317084,2026-08-06 05:30:00,4282.419417785683,-1.006423782654262,SL,True
Short,2026-08-06 06:15:00,4267.14,4281.855279585835,14.715279585834685,2026-08-06 12:00:00,4281.855279585835,-1.0081547889933047,SL,True
Short,2026-08-06 15:50:00,4251.05,4262.508289272189,11.458289272189315,2026-08-06 16:35:00,4262.508289272189,-1.0104727675440273,SL,True
Short,2026-08-06 18:50:00,4234.95,4249.819933196478,14.869933196478454,2026-08-06 22:10:00,4249.819933196478,-1.0073974777523333,SL,True
Long,2026-08-07 08:55:00,4278.48,4268.98788840347,9.492111596530107,2026-08-07 09:55:00,4297.46422319306,1.9884114299667757,TP4,False
Long,2026-08-07 11:30:00,4313.83,4302.744752714003,11.085247285996568,2026-08-07 11:35:00,4302.744752714003,-1.0108251982932288,SL,True
Long,2026-08-07 12:40:00,4317.32,4306.211518268203,11.108481731796868,2026-08-07 15:20:00,4310.82,-0.5959410259505529,REV,False
Short,2026-08-07 15:20:00,4310.82,4320.959981857312,10.139981857312675,2026-08-07 15:30:00,4320.959981857312,-1.01084814564246,SL,True
Short,2026-08-10 04:25:00,4316.1,4327.327222311946,11.22722231194551,2026-08-10 05:20:00,4327.327222311946,-1.0106883071044304,SL,True
Long,2026-08-10 09:40:00,4354.95,4345.535803349288,9.414196650711869,2026-08-10 11:45:00,4345.535803349288,-1.018057833961598,SL,True
Short,2026-08-10 15:15:00,4328.53,4335.767729551122,7.237729551122804,2026-08-10 16:10:00,4335.767729551122,-1.0165797850212483,SL,True
Short,2026-08-10 16:50:00,4323.02,4333.554190314872,10.534190314871651,2026-08-10 17:15:00,4333.554190314872,-1.0104421884086314,SL,True
Long,2026-08-10 18:50:00,4356.88,4346.8403874936575,10.039612506342317,2026-08-10 21:30:00,4376.959225012684,1.9860552386945238,TP4,False
Long,2026-08-11 04:05:00,4408.39,4397.135356168191,11.254643831809501,2026-08-11 04:50:00,4430.899287663619,1.985783646076142,TP4,False
Long,2026-08-11 15:10:00,4396.8,4387.773302588245,9.026697411754741,2026-08-11 15:25:00,4387.773302588245,-1.013293898590625,SL,True
Short,2026-08-11 17:00:00,4384.86,4398.801237602287,13.941237602287645,2026-08-12 01:00:00,4356.977524795424,1.9913924428072378,TP4,False
Long,2026-08-12 05:45:00,4409.66,4400.666032472115,8.993967527884955,2026-08-12 06:50:00,4400.666032472115,-1.0133422763232913,SL,True
Long,2026-08-13 03:30:00,4444.2,4432.057375056115,12.142624943884691,2026-08-13 03:45:00,4432.057375056115,-1.0107060870776021,SL,True
Long,2026-08-13 04:30:00,4428.29,4414.518478138345,13.771521861655241,2026-08-13 04:45:00,4414.518478138345,-1.0087136339182545,SL,True
Long,2026-08-13 15:55:00,4401.77,4390.393762196125,11.376237803875298,2026-08-13 16:20:00,4390.393762196125,-1.0105483027050741,SL,True
Short,2026-08-13 18:30:00,4360.64,4375.183133474594,14.543133474593592,2026-08-14 03:45:00,4331.553733050813,1.991748683307507,TP4,False
Short,2026-08-14 03:45:00,4333.91,4346.534096668256,12.624096668256431,2026-08-14 10:40:00,4339.67,-0.46577590100253335,REV,False
Long,2026-08-14 10:40:00,4339.67,4332.255226548312,7.414773451688339,2026-08-14 12:45:00,4354.4995469033765,1.9824674346630766,TP4,False
Long,2026-08-14 16:30:00,4390.95,4380.6645137890455,10.285486210954573,2026-08-14 17:45:00,4380.6645137890455,-1.010694681587595,SL,True
Long,2026-08-17 04:00:00,4407.71,4396.559138671407,11.150861328593587,2026-08-17 04:45:00,4396.559138671407,-1.0107615005212145,SL,True
Long,2026-08-17 04:50:00,4397.44,4384.7418920730315,12.69810792696783,2026-08-17 15:25:00,4384.7418920730315,-1.010237745713608,SL,True
Short,2026-08-17 15:35:00,4381.33,4390.558417720992,9.228417720991986,2026-08-17 16:35:00,4390.558417720992,-1.013003312553487,SL,True
Short,2026-08-18 04:40:00,4411.61,4421.746209939476,10.13620993947607,2026-08-18 06:55:00,4391.337580121048,1.9861881313788745,TP4,False
Short,2026-08-18 18:05:00,4365.69,4385.01151379003,19.321513790030963,2026-08-19 01:00:00,4327.046972419937,1.993789306505493,TP4,False
Short,2026-08-19 01:20:00,4334.78,4346.587179512551,11.807179512551325,2026-08-19 03:35:00,4346.587179512551,-1.0101633078308556,SL,True
Long,2026-08-19 15:30:00,4384.45,4375.450744865523,8.999255134477048,2026-08-19 15:35:00,4402.448510268954,1.987776766148304,TP4,False
Short,2026-08-20 04:00:00,4493.09,4504.233241825103,11.143241825102558,2026-08-20 14:45:00,4470.803516349795,1.9892311410015449,TP4,False
Long,2026-08-20 17:45:00,4507.99,4492.97535449952,15.014645500479276,2026-08-20 18:15:00,4538.019291000958,1.9920078033146846,TP4,False
Long,2026-08-21 05:40:00,4538.02,4526.457147167489,11.562852832511306,2026-08-21 09:30:00,4561.145705665023,1.9818383920437654,TP4,False
Long,2026-08-21 09:30:00,4561.25,4549.485125644706,11.764874355293715,2026-08-21 11:55:00,4584.779748710587,1.9898001460639307,TP4,False
Long,2026-08-21 12:05:00,4595.47,4584.404414105803,11.065585894197298,2026-08-21 12:25:00,4584.404414105803,-1.0108444325630253,SL,True
Short,2026-08-21 15:20:00,4585.59,4597.196973031384,11.606973031383523,2026-08-21 17:20:00,4597.196973031384,-1.010338612804206,SL,True
Long,2026-08-24 14:50:00,4659.63,4644.628674709272,15.001325290728113,2026-08-24 18:55:00,4644.628674709272,-1.007999293240738,SL,True
Long,2026-08-25 03:35:00,4695.19,4681.85426664023,13.335733359770026,2026-08-25 04:00:00,4681.85426664023,-1.0089983802736786,SL,True
Short,2026-08-25 04:20:00,4666.9,4681.998527344028,15.098527344028396,2026-08-25 05:40:00,4636.702945311943,1.9907275725102047,TP4,False
Short,2026-08-25 05:40:00,4630.67,4648.754380486381,18.08438048638072,2026-08-25 09:10:00,4648.754380486381,-1.0066355604545245,SL,True
Short,2026-08-25 17:25:00,4623.88,4639.046103486391,15.166103486391133,2026-08-25 17:45:00,4639.046103486391,-1.0079123817206912,SL,True
Long,2026-08-26 04:55:00,4656.91,4645.14705280487,11.762947195129232,2026-08-26 06:45:00,4645.14705280487,-1.0102015250098193,SL,True
Short,2026-08-26 14:30:00,4619.1,4626.932632092096,7.83263209209617,2026-08-26 15:00:00,4626.932632092096,-1.015320520431556,SL,True
Long,2026-08-26 15:15:00,4629.0,4621.240967919046,7.759032080954013,2026-08-26 15:30:00,4621.240967919046,-1.0244875904645936,SL,True
Short,2026-08-27 03:40:00,4605.85,4615.127500275789,9.277500275788988,2026-08-27 04:05:00,4615.127500275789,-1.012934518613071,SL,True
Long,2026-08-27 04:55:00,4640.0,4626.801595630485,13.198404369515046,2026-08-27 05:35:00,4626.801595630485,-1.013638012214221,SL,True
Long,2026-08-27 05:45:00,4629.07,4617.705556319895,11.364443680105243,2026-08-27 07:35:00,4617.705556319895,-1.013199062287793,SL,True
Short,2026-08-27 10:15:00,4597.47,4606.9300891486455,9.460089148645169,2026-08-27 12:35:00,4578.54982170271,1.986258057618994,TP4,False
Short,2026-08-27 12:35:00,4584.44,4594.271448942711,9.831448942711223,2026-08-27 14:20:00,4594.271448942711,-1.0122057288502646,SL,True
Short,2026-08-27 16:30:00,4575.71,4587.426793169173,11.716793169172528,2026-08-27 17:35:00,4587.426793169173,-1.0102417101904715,SL,True
Long,2026-08-27 17:40:00,4595.22,4580.546708830485,14.673291169515492,2026-08-28 04:35:00,4580.546708830485,-1.0081781243630696,SL,True
Short,2026-08-28 04:35:00,4580.71,4591.863885416141,11.1538854161412,2026-08-28 09:45:00,4591.863885416141,-1.025999908478526,SL,True
Short,2026-08-28 18:40:00,4539.15,4567.0662125048,27.91621250480033,2026-08-28 19:15:00,4483.317574990399,1.9953432078231212,TP4,False
Short,2026-08-31 04:05:00,4439.36,4458.756722362804,19.396722362803857,2026-08-31 05:45:00,4400.566555274392,1.9932978367391856,TP4,False
Short,2026-08-31 15:25:00,4447.62,4457.173475857973,9.553475857973751,2026-08-31 16:45:00,4428.513048284052,1.9874391266818632,TP4,False
Short,2026-08-31 16:45:00,4425.44,4437.355930802733,11.915930802733975,2026-08-31 18:10:00,4437.355930802733,-1.0109097645959795,SL,True
Short,2026-09-01 04:20:00,4440.24,4449.959352020677,9.719352020677695,2026-09-01 08:35:00,4439.33,0.07819451321270926,REV,False
Long,2026-09-01 08:35:00,4439.33,4430.201065283035,9.128934716965201,2026-09-01 09:25:00,4430.201065283035,-1.0164312709697678,SL,True
Short,2026-09-01 11:00:00,4411.14,4422.747113244419,11.607113244418858,2026-09-01 11:20:00,4387.925773511162,1.9896615120854944,TP4,False
Long,2026-09-01 13:15:00,4381.05,4367.395367064232,13.65463293576772,2026-09-01 15:10:00,4367.395367064232,-1.0102529303174095,SL,True
Short,2026-09-01 16:00:00,4339.44,4353.904472006887,14.464472006887194,2026-09-01 16:30:00,4353.904472006887,-1.0082961894456246,SL,True
Short,2026-09-01 16:50:00,4357.83,4374.777095512233,16.947095512233535,2026-09-01 17:20:00,4374.777095512233,-1.0106212890503772,SL,True
Short,2026-09-02 03:05:00,4323.0,4333.305196623838,10.305196623837777,2026-09-02 03:15:00,4333.305196623838,-1.012614994623163,SL,True
Short,2026-09-02 03:50:00,4314.74,4327.927039431608,13.187039431608213,2026-09-02 04:55:00,4288.365921136783,1.9893835154792858,TP4,False
Short,2026-09-02 06:30:00,4284.97,4298.701055595064,13.73105559506385,2026-09-02 06:45:00,4298.701055595064,-1.0087393135341152,SL,True
Short,2026-09-02 11:50:00,4314.46,4324.9738482780795,10.513848278079786,2026-09-02 14:30:00,4324.9738482780795,-1.0123646448532715,SL,True
Long,2026-09-02 16:05:00,4341.86,4328.954036966421,12.905963033578786,2026-09-02 16:35:00,4367.671926067157,1.9907019724380153,TP4,False
Long,2026-09-02 16:55:00,4385.29,4368.377827389632,16.912172610367467,2026-09-02 18:20:00,4368.377827389632,-1.0070954810339747,SL,True
Long,2026-09-03 03:55:00,4395.36,4387.042682051169,8.317317948829999,2026-09-03 04:55:00,4411.9946358976595,1.9831676508146594,TP4,False
Long,2026-09-03 06:00:00,4424.18,4413.916455549387,10.263544450613606,2026-09-03 09:20:00,4419.03,-0.5251597073444062,REV,False
Short,2026-09-03 09:20:00,4419.03,4430.304448395311,11.274448395310896,2026-09-03 10:00:00,4430.304448395311,-1.0124174589382495,SL,True
Long,2026-09-03 15:30:00,4466.73,4453.160653706266,13.569346293733192,2026-09-03 15:55:00,4493.868692587466,1.9911565378757352,TP4,False
Long,2026-09-03 18:00:00,4497.89,4479.508537170072,18.381462829928765,2026-09-03 21:30:00,4479.508537170072,-1.0076163688002044,SL,True
Long,2026-09-04 11:50:00,4476.66,4468.764537354019,7.8954626459810635,2026-09-04 12:15:00,4468.764537354019,-1.0265975547495845,SL,True
Short,2026-09-04 15:30:00,4394.64,4416.083985543527,21.443985543526388,2026-09-04 16:30:00,4416.083985543527,-1.0055959746734902,SL,True
